Case Study,Sampling Strategy,Robustness,Posterior Confidence,Prior Confidence
7z,solverBased,0.0,0.0,0.0
7z,solverBased,0.001,0.24,0.45190173942198886
7z,solverBased,0.002,0.32,0.6997691514516922
7z,solverBased,0.003,0.34,0.8356422658895719
7z,solverBased,0.004,0.4,0.9100787381513464
7z,solverBased,0.005,0.41,0.9508332470005116
7z,solverBased,0.006,0.47,0.9731331331631784
7z,solverBased,0.007,0.49,0.9853276950194682
7z,solverBased,0.008,0.49,0.9919921677905597
7z,solverBased,0.009,0.49,0.9956321637768457
7z,solverBased,0.01,0.5,0.997619040801602
7z,solverBased,0.011,0.5,0.9987029065988455
7z,solverBased,0.012,0.5,0.9992938065304313
7z,solverBased,0.013,0.5,0.999615754531509
7z,solverBased,0.014,0.5,0.9997910579363992
7z,solverBased,0.015,0.5,0.9998864532968113
7z,solverBased,0.016,0.5,0.9999383328102933
7z,solverBased,0.017,0.5,0.9999665293445531
7z,solverBased,0.018,0.5,0.9999818446694695
7z,solverBased,0.019,0.5,0.9999901582249261
7z,solverBased,0.02,0.5,0.9999946682289628
7z,solverBased,0.021,0.5,0.99999711332578
7z,solverBased,0.022,0.5,0.9999984381053858
7z,solverBased,0.023,0.5,0.9999991554355536
7z,solverBased,0.024,0.5,0.9999995436054836
7z,solverBased,0.025,0.5,0.9999997535243419
7z,solverBased,0.026,0.5,0.9999998669750563
7z,solverBased,0.027,0.5,0.9999999282508102
7z,solverBased,0.028,0.5,0.9999999613254543
7z,solverBased,0.029,0.5,0.9999999791667429
7z,solverBased,0.03,0.5,0.9999999887846639
7z,solverBased,0.031,0.5,0.9999999939662125
7z,solverBased,0.032,0.5,0.9999999967559335
7z,solverBased,0.033,0.5,0.9999999982569456
7z,solverBased,0.034,0.52,0.9999999990640493
7z,solverBased,0.035,0.52,0.9999999994977553
7z,solverBased,0.036,0.53,0.9999999997306621
7z,solverBased,0.037,0.53,0.999999999855656
7z,solverBased,0.038,0.53,0.9999999999226931
7z,solverBased,0.039,0.54,0.9999999999586233
7z,solverBased,0.04,0.54,0.9999999999778685
7z,solverBased,0.041,0.54,0.99999999998817
7z,solverBased,0.042,0.54,0.9999999999936807
7z,solverBased,0.043,0.54,0.9999999999966266
7z,solverBased,0.044,0.54,0.9999999999982003
7z,solverBased,0.045,0.54,0.9999999999990405
7z,solverBased,0.046,0.54,0.9999999999994889
7z,solverBased,0.047,0.54,0.9999999999997279
7z,solverBased,0.048,0.54,0.9999999999998552
7z,solverBased,0.049,0.55,0.999999999999923
7z,solverBased,0.05,0.55,0.999999999999959
7z,solverBased,0.051,0.55,0.9999999999999782
7z,solverBased,0.052,0.55,0.9999999999999885
7z,solverBased,0.053,0.55,0.9999999999999939
7z,solverBased,0.054,0.55,0.9999999999999968
7z,solverBased,0.055,0.55,0.9999999999999983
7z,solverBased,0.056,0.55,0.9999999999999991
7z,solverBased,0.057,0.55,0.9999999999999996
7z,solverBased,0.058,0.55,0.9999999999999998
7z,solverBased,0.059,0.55,0.9999999999999999
7z,solverBased,0.06,0.55,0.9999999999999999
7z,solverBased,0.061,0.55,1.0
7z,solverBased,0.062,0.55,1.0
7z,solverBased,0.063,0.55,1.0
7z,solverBased,0.064,0.55,1.0
7z,solverBased,0.065,0.55,1.0
7z,solverBased,0.066,0.55,1.0
7z,solverBased,0.067,0.57,1.0
7z,solverBased,0.068,0.61,1.0
7z,solverBased,0.069,0.66,1.0
7z,solverBased,0.07,0.68,1.0
7z,solverBased,0.071,0.7,1.0
7z,solverBased,0.072,0.7,1.0
7z,solverBased,0.073,0.74,1.0
7z,solverBased,0.074,0.74,1.0
7z,solverBased,0.075,0.74,1.0
7z,solverBased,0.076,0.74,1.0
7z,solverBased,0.077,0.74,1.0
7z,solverBased,0.078,0.76,1.0
7z,solverBased,0.079,0.77,1.0
7z,solverBased,0.08,0.77,1.0
7z,solverBased,0.081,0.83,1.0
7z,solverBased,0.082,0.83,1.0
7z,solverBased,0.083,0.83,1.0
7z,solverBased,0.084,0.83,1.0
7z,solverBased,0.085,0.83,1.0
7z,solverBased,0.086,0.83,1.0
7z,solverBased,0.087,0.83,1.0
7z,solverBased,0.088,0.83,1.0
7z,solverBased,0.089,0.83,1.0
7z,solverBased,0.09,0.83,1.0
7z,solverBased,0.091,0.83,1.0
7z,solverBased,0.092,0.83,1.0
7z,solverBased,0.093,0.83,1.0
7z,solverBased,0.094,0.88,1.0
7z,solverBased,0.095,0.88,1.0
7z,solverBased,0.096,0.88,1.0
7z,solverBased,0.097,0.88,1.0
7z,solverBased,0.098,0.88,1.0
7z,solverBased,0.099,0.9,1.0
7z,solverBased,0.1,0.91,1.0
7z,solverBased,0.101,0.91,1.0
7z,solverBased,0.102,0.91,1.0
7z,solverBased,0.103,0.91,1.0
7z,solverBased,0.104,0.93,1.0
7z,solverBased,0.105,0.93,1.0
7z,solverBased,0.106,0.93,1.0
7z,solverBased,0.107,0.93,1.0
7z,solverBased,0.108,0.93,1.0
7z,solverBased,0.109,0.93,1.0
7z,solverBased,0.11,0.93,1.0
7z,solverBased,0.111,0.94,1.0
7z,solverBased,0.112,0.98,1.0
7z,solverBased,0.113,0.98,1.0
7z,solverBased,0.114,0.98,1.0
7z,solverBased,0.115,0.98,1.0
7z,solverBased,0.116,0.98,1.0
7z,solverBased,0.117,0.98,1.0
7z,solverBased,0.118,0.98,1.0
7z,solverBased,0.119,0.98,1.0
7z,solverBased,0.12,0.98,1.0
7z,solverBased,0.121,0.98,1.0
7z,solverBased,0.122,0.98,1.0
7z,solverBased,0.123,0.98,1.0
7z,solverBased,0.124,0.99,1.0
7z,solverBased,0.125,0.99,1.0
7z,solverBased,0.126,0.99,1.0
7z,solverBased,0.127,0.99,1.0
7z,solverBased,0.128,0.99,1.0
7z,solverBased,0.129,0.99,1.0
7z,solverBased,0.13,0.99,1.0
7z,solverBased,0.131,0.99,1.0
7z,solverBased,0.132,0.99,1.0
7z,solverBased,0.133,0.99,1.0
7z,solverBased,0.134,0.99,1.0
7z,solverBased,0.135,0.99,1.0
7z,solverBased,0.136,0.99,1.0
7z,solverBased,0.137,0.99,1.0
7z,solverBased,0.138,0.99,1.0
7z,solverBased,0.139,0.99,1.0
7z,solverBased,0.14,0.99,1.0
7z,solverBased,0.141,1.0,1.0
7z,solverBased,0.142,1.0,1.0
7z,solverBased,0.143,1.0,1.0
7z,solverBased,0.144,1.0,1.0
7z,solverBased,0.145,1.0,1.0
7z,solverBased,0.146,1.0,1.0
7z,solverBased,0.147,1.0,1.0
7z,solverBased,0.148,1.0,1.0
7z,solverBased,0.149,1.0,1.0
7z,SRSSampling,0.0,0.0,0.0
7z,SRSSampling,0.001,0.9,0.45190173942198886
7z,SRSSampling,0.002,0.93,0.6997691514516922
7z,SRSSampling,0.003,0.96,0.8356422658895719
7z,SRSSampling,0.004,0.98,0.9100787381513464
7z,SRSSampling,0.005,0.99,0.9508332470005116
7z,SRSSampling,0.006,0.99,0.9731331331631784
7z,SRSSampling,0.007,1.0,0.9853276950194682
7z,SRSSampling,0.008,1.0,0.9919921677905597
7z,SRSSampling,0.009,1.0,0.9956321637768457
7z,SRSSampling,0.01,1.0,0.997619040801602
7z,SRSSampling,0.011,1.0,0.9987029065988455
7z,SRSSampling,0.012,1.0,0.9992938065304313
7z,SRSSampling,0.013,1.0,0.999615754531509
7z,SRSSampling,0.014,1.0,0.9997910579363992
7z,SRSSampling,0.015,1.0,0.9998864532968113
7z,SRSSampling,0.016,1.0,0.9999383328102933
7z,SRSSampling,0.017,1.0,0.9999665293445531
7z,SRSSampling,0.018,1.0,0.9999818446694695
7z,SRSSampling,0.019,1.0,0.9999901582249261
7z,SRSSampling,0.02,1.0,0.9999946682289628
7z,SRSSampling,0.021,1.0,0.99999711332578
7z,SRSSampling,0.022,1.0,0.9999984381053858
7z,SRSSampling,0.023,1.0,0.9999991554355536
7z,SRSSampling,0.024,1.0,0.9999995436054836
7z,SRSSampling,0.025,1.0,0.9999997535243419
7z,SRSSampling,0.026,1.0,0.9999998669750563
7z,SRSSampling,0.027,1.0,0.9999999282508102
7z,SRSSampling,0.028,1.0,0.9999999613254543
7z,SRSSampling,0.029,1.0,0.9999999791667429
7z,SRSSampling,0.03,1.0,0.9999999887846639
7z,SRSSampling,0.031,1.0,0.9999999939662125
7z,SRSSampling,0.032,1.0,0.9999999967559335
7z,SRSSampling,0.033,1.0,0.9999999982569456
7z,SRSSampling,0.034,1.0,0.9999999990640493
7z,SRSSampling,0.035,1.0,0.9999999994977553
7z,SRSSampling,0.036,1.0,0.9999999997306621
7z,SRSSampling,0.037,1.0,0.999999999855656
7z,SRSSampling,0.038,1.0,0.9999999999226931
7z,SRSSampling,0.039,1.0,0.9999999999586233
7z,SRSSampling,0.04,1.0,0.9999999999778685
7z,SRSSampling,0.041,1.0,0.99999999998817
7z,SRSSampling,0.042,1.0,0.9999999999936807
7z,SRSSampling,0.043,1.0,0.9999999999966266
7z,SRSSampling,0.044,1.0,0.9999999999982003
7z,SRSSampling,0.045,1.0,0.9999999999990405
7z,SRSSampling,0.046,1.0,0.9999999999994889
7z,SRSSampling,0.047,1.0,0.9999999999997279
7z,SRSSampling,0.048,1.0,0.9999999999998552
7z,SRSSampling,0.049,1.0,0.999999999999923
7z,SRSSampling,0.05,1.0,0.999999999999959
7z,SRSSampling,0.051,1.0,0.9999999999999782
7z,SRSSampling,0.052,1.0,0.9999999999999885
7z,SRSSampling,0.053,1.0,0.9999999999999939
7z,SRSSampling,0.054,1.0,0.9999999999999968
7z,SRSSampling,0.055,1.0,0.9999999999999983
7z,SRSSampling,0.056,1.0,0.9999999999999991
7z,SRSSampling,0.057,1.0,0.9999999999999996
7z,SRSSampling,0.058,1.0,0.9999999999999998
7z,SRSSampling,0.059,1.0,0.9999999999999999
7z,SRSSampling,0.06,1.0,0.9999999999999999
7z,SRSSampling,0.061,1.0,1.0
7z,SRSSampling,0.062,1.0,1.0
7z,SRSSampling,0.063,1.0,1.0
7z,SRSSampling,0.064,1.0,1.0
7z,SRSSampling,0.065,1.0,1.0
7z,SRSSampling,0.066,1.0,1.0
7z,SRSSampling,0.067,1.0,1.0
7z,SRSSampling,0.068,1.0,1.0
7z,SRSSampling,0.069,1.0,1.0
7z,SRSSampling,0.07,1.0,1.0
7z,SRSSampling,0.071,1.0,1.0
7z,SRSSampling,0.072,1.0,1.0
7z,SRSSampling,0.073,1.0,1.0
7z,SRSSampling,0.074,1.0,1.0
7z,SRSSampling,0.075,1.0,1.0
7z,SRSSampling,0.076,1.0,1.0
7z,SRSSampling,0.077,1.0,1.0
7z,SRSSampling,0.078,1.0,1.0
7z,SRSSampling,0.079,1.0,1.0
7z,SRSSampling,0.08,1.0,1.0
7z,SRSSampling,0.081,1.0,1.0
7z,SRSSampling,0.082,1.0,1.0
7z,SRSSampling,0.083,1.0,1.0
7z,SRSSampling,0.084,1.0,1.0
7z,SRSSampling,0.085,1.0,1.0
7z,SRSSampling,0.086,1.0,1.0
7z,SRSSampling,0.087,1.0,1.0
7z,SRSSampling,0.088,1.0,1.0
7z,SRSSampling,0.089,1.0,1.0
7z,SRSSampling,0.09,1.0,1.0
7z,SRSSampling,0.091,1.0,1.0
7z,SRSSampling,0.092,1.0,1.0
7z,SRSSampling,0.093,1.0,1.0
7z,SRSSampling,0.094,1.0,1.0
7z,SRSSampling,0.095,1.0,1.0
7z,SRSSampling,0.096,1.0,1.0
7z,SRSSampling,0.097,1.0,1.0
7z,SRSSampling,0.098,1.0,1.0
7z,SRSSampling,0.099,1.0,1.0
7z,SRSSampling,0.1,1.0,1.0
7z,SRSSampling,0.101,1.0,1.0
7z,SRSSampling,0.102,1.0,1.0
7z,SRSSampling,0.103,1.0,1.0
7z,SRSSampling,0.104,1.0,1.0
7z,SRSSampling,0.105,1.0,1.0
7z,SRSSampling,0.106,1.0,1.0
7z,SRSSampling,0.107,1.0,1.0
7z,SRSSampling,0.108,1.0,1.0
7z,SRSSampling,0.109,1.0,1.0
7z,SRSSampling,0.11,1.0,1.0
7z,SRSSampling,0.111,1.0,1.0
7z,SRSSampling,0.112,1.0,1.0
7z,SRSSampling,0.113,1.0,1.0
7z,SRSSampling,0.114,1.0,1.0
7z,SRSSampling,0.115,1.0,1.0
7z,SRSSampling,0.116,1.0,1.0
7z,SRSSampling,0.117,1.0,1.0
7z,SRSSampling,0.118,1.0,1.0
7z,SRSSampling,0.119,1.0,1.0
7z,SRSSampling,0.12,1.0,1.0
7z,SRSSampling,0.121,1.0,1.0
7z,SRSSampling,0.122,1.0,1.0
7z,SRSSampling,0.123,1.0,1.0
7z,SRSSampling,0.124,1.0,1.0
7z,SRSSampling,0.125,1.0,1.0
7z,SRSSampling,0.126,1.0,1.0
7z,SRSSampling,0.127,1.0,1.0
7z,SRSSampling,0.128,1.0,1.0
7z,SRSSampling,0.129,1.0,1.0
7z,SRSSampling,0.13,1.0,1.0
7z,SRSSampling,0.131,1.0,1.0
7z,SRSSampling,0.132,1.0,1.0
7z,SRSSampling,0.133,1.0,1.0
7z,SRSSampling,0.134,1.0,1.0
7z,SRSSampling,0.135,1.0,1.0
7z,SRSSampling,0.136,1.0,1.0
7z,SRSSampling,0.137,1.0,1.0
7z,SRSSampling,0.138,1.0,1.0
7z,SRSSampling,0.139,1.0,1.0
7z,SRSSampling,0.14,1.0,1.0
7z,SRSSampling,0.141,1.0,1.0
7z,SRSSampling,0.142,1.0,1.0
7z,SRSSampling,0.143,1.0,1.0
7z,SRSSampling,0.144,1.0,1.0
7z,SRSSampling,0.145,1.0,1.0
7z,SRSSampling,0.146,1.0,1.0
7z,SRSSampling,0.147,1.0,1.0
7z,SRSSampling,0.148,1.0,1.0
7z,SRSSampling,0.149,1.0,1.0
BerkeleyDBC,solverBased,0.0,0.0,0.0
BerkeleyDBC,solverBased,0.001,0.0,0.09339555059192428
BerkeleyDBC,solverBased,0.002,0.0,0.17814907903138177
BerkeleyDBC,solverBased,0.003,0.0,0.2550527615546916
BerkeleyDBC,solverBased,0.004,0.0,0.32482684626795744
BerkeleyDBC,solverBased,0.005,0.0,0.38812612157195225
BerkeleyDBC,solverBased,0.006,0.0,0.44554580852083614
BerkeleyDBC,solverBased,0.007,0.0,0.4976269279154968
BerkeleyDBC,solverBased,0.008,0.0,0.5448611884968069
BerkeleyDBC,solverBased,0.009,0.0,0.5876954385519864
BerkeleyDBC,solverBased,0.01,0.0,0.6265357195457308
BerkeleyDBC,solverBased,0.011,0.0,0.6617509570068023
BerkeleyDBC,solverBased,0.012,0.0,0.6936763208128897
BerkeleyDBC,solverBased,0.013,0.0,0.7226162841965951
BerkeleyDBC,solverBased,0.014,0.0,0.7488474082203623
BerkeleyDBC,solverBased,0.015,0.0,0.7726208761169963
BerkeleyDBC,solverBased,0.016,0.0,0.7941647997458495
BerkeleyDBC,solverBased,0.017,0.0,0.813686318455154
BerkeleyDBC,solverBased,0.018,0.0,0.8313735088522378
BerkeleyDBC,solverBased,0.019,0.0,0.8473971223507297
BerkeleyDBC,solverBased,0.02,0.0,0.8619121658738516
BerkeleyDBC,solverBased,0.021,0.0,0.8750593397331726
BerkeleyDBC,solverBased,0.022,0.0,0.8869663454614984
BerkeleyDBC,solverBased,0.023,0.0,0.8977490752465626
BerkeleyDBC,solverBased,0.024,0.0,0.9075126935794554
BerkeleyDBC,solverBased,0.025,0.0,0.916352620789658
BerkeleyDBC,solverBased,0.026,0.0,0.924355427279247
BerkeleyDBC,solverBased,0.027,0.0,0.9315996464851302
BerkeleyDBC,solverBased,0.028,0.0,0.9381565138834471
BerkeleyDBC,solverBased,0.029,0.0,0.9440906386985503
BerkeleyDBC,solverBased,0.03,0.0,0.9494606143847321
BerkeleyDBC,solverBased,0.031,0.0,0.9543195734071039
BerkeleyDBC,solverBased,0.032,0.0,0.9587156913541482
BerkeleyDBC,solverBased,0.033,0.0,0.962692644964275
BerkeleyDBC,solverBased,0.034,0.0,0.9662900282384002
BerkeleyDBC,solverBased,0.035,0.0,0.9695437304366151
BerkeleyDBC,solverBased,0.036,0.0,0.9724862794162552
BerkeleyDBC,solverBased,0.037,0.0,0.9751471534581799
BerkeleyDBC,solverBased,0.038,0.0,0.9775530644451877
BerkeleyDBC,solverBased,0.039,0.0,0.9797282149987743
BerkeleyDBC,solverBased,0.04,0.0,0.9816945319456927
BerkeleyDBC,solverBased,0.041,0.0,0.9834718782719496
BerkeleyDBC,solverBased,0.042,0.0,0.9850782455271389
BerkeleyDBC,solverBased,0.043,0.0,0.9865299284646818
BerkeleyDBC,solverBased,0.044,0.0,0.9878416835420655
BerkeleyDBC,solverBased,0.045,0.0,0.9890268727581581
BerkeleyDBC,solverBased,0.046,0.0,0.9900975941708334
BerkeleyDBC,solverBased,0.047,0.0,0.9910648003163058
BerkeleyDBC,solverBased,0.048,0.0,0.9919384056406798
BerkeleyDBC,solverBased,0.049,0.0,0.9927273839532917
BerkeleyDBC,solverBased,0.05,0.0,0.9934398568195745
BerkeleyDBC,solverBased,0.051,0.0,0.9940831737276045
BerkeleyDBC,solverBased,0.052,0.0,0.9946639847864472
BerkeleyDBC,solverBased,0.053,0.0,0.9951883066452463
BerkeleyDBC,solverBased,0.054,0.0,0.9956615822590659
BerkeleyDBC,solverBased,0.055,0.0,0.9960887350702666
BerkeleyDBC,solverBased,0.056,0.0,0.9964742181221343
BerkeleyDBC,solverBased,0.057,0.0,0.9968220585741411
BerkeleyDBC,solverBased,0.058,0.0,0.9971358980451757
BerkeleyDBC,solverBased,0.059,0.0,0.9974190291719401
BerkeleyDBC,solverBased,0.06,0.0,0.997674428734129
BerkeleyDBC,solverBased,0.061,0.0,0.9979047876656656
BerkeleyDBC,solverBased,0.062,0.0,0.9981125382418694
BerkeleyDBC,solverBased,0.063,0.0,0.998299878705712
BerkeleyDBC,solverBased,0.064,0.0,0.9984687955720386
BerkeleyDBC,solverBased,0.065,0.0,0.9986210838265686
BerkeleyDBC,solverBased,0.066,0.0,0.9987583652164458
BerkeleyDBC,solverBased,0.067,0.0,0.9988821048108966
BerkeleyDBC,solverBased,0.068,0.0,0.9989936259940135
BerkeleyDBC,solverBased,0.069,0.0,0.9990941240366576
BerkeleyDBC,solverBased,0.07,0.0,0.999184678380826
BerkeleyDBC,solverBased,0.071,0.0,0.9992662637574423
BerkeleyDBC,solverBased,0.072,0.0,0.9993397602472743
BerkeleyDBC,solverBased,0.073,0.0,0.9994059623844682
BerkeleyDBC,solverBased,0.074,0.0,0.9994655873929181
BerkeleyDBC,solverBased,0.075,0.0,0.9995192826372674
BerkeleyDBC,solverBased,0.076,0.0,0.9995676323627031
BerkeleyDBC,solverBased,0.077,0.0,0.9996111637907665
BerkeleyDBC,solverBased,0.078,0.0,0.9996503526321164
BerkeleyDBC,solverBased,0.079,0.0,0.9996856280714662
BerkeleyDBC,solverBased,0.08,0.0,0.9997173772747436
BerkeleyDBC,solverBased,0.081,0.0,0.9997459494638187
BerkeleyDBC,solverBased,0.082,0.0,0.9997716595998852
BerkeleyDBC,solverBased,0.083,0.0,0.9997947917127175
BerkeleyDBC,solverBased,0.084,0.0,0.9998156019095154
BerkeleyDBC,solverBased,0.085,0.0,0.9998343210938773
BerkeleyDBC,solverBased,0.086,0.0,0.9998511574225536
BerkeleyDBC,solverBased,0.087,0.0,0.999866298525025
BerkeleyDBC,solverBased,0.088,0.0,0.9998799135085791
BerkeleyDBC,solverBased,0.089,0.0,0.9998921547694146
BerkeleyDBC,solverBased,0.09,0.0,0.9999031596283552
BerkeleyDBC,solverBased,0.091,0.0,0.9999130518079927
BerkeleyDBC,solverBased,0.092,0.0,0.999921942766484
BerkeleyDBC,solverBased,0.093,0.0,0.9999299329017758
BerkeleyDBC,solverBased,0.094,0.0,0.9999371126387228
BerkeleyDBC,solverBased,0.095,0.0,0.9999435634103786
BerkeleyDBC,solverBased,0.096,0.0,0.9999493585436581
BerkeleyDBC,solverBased,0.097,0.0,0.9999545640586028
BerkeleyDBC,solverBased,0.098,0.0,0.9999592393895942
BerkeleyDBC,solverBased,0.099,0.0,0.999963438036063
BerkeleyDBC,solverBased,0.1,0.0,0.9999672081495214
BerkeleyDBC,solverBased,0.101,0.0,0.999970593063087
BerkeleyDBC,solverBased,0.102,0.0,0.9999736317690785
BerkeleyDBC,solverBased,0.103,0.0,0.9999763593497271
BerkeleyDBC,solverBased,0.104,0.0,0.9999788073655594
BerkeleyDBC,solverBased,0.105,0.0,0.9999810042055743
BerkeleyDBC,solverBased,0.106,0.0,0.9999829754029312
BerkeleyDBC,solverBased,0.107,0.0,0.9999847439195196
BerkeleyDBC,solverBased,0.108,0.0,0.9999863304024413
BerkeleyDBC,solverBased,0.109,0.0,0.9999877534151563
BerkeleyDBC,solverBased,0.11,0.0,0.9999890296457664
BerkeleyDBC,solverBased,0.111,0.0,0.9999901740946796
BerkeleyDBC,solverBased,0.112,0.0,0.9999912002436734
BerkeleyDBC,solverBased,0.113,0.0,0.9999921202081854
BerkeleyDBC,solverBased,0.114,0.0,0.9999929448744784
BerkeleyDBC,solverBased,0.115,0.0,0.9999936840231665
BerkeleyDBC,solverBased,0.116,0.0,0.9999943464404468
BerkeleyDBC,solverBased,0.117,0.0,0.9999949400182483
BerkeleyDBC,solverBased,0.118,0.0,0.9999954718443904
BerkeleyDBC,solverBased,0.119,0.0,0.9999959482837392
BerkeleyDBC,solverBased,0.12,0.0,0.999996375051251
BerkeleyDBC,solverBased,0.121,0.0,0.9999967572777072
BerkeleyDBC,solverBased,0.122,0.0,0.9999970995688627
BerkeleyDBC,solverBased,0.123,0.0,0.9999974060586645
BerkeleyDBC,solverBased,0.124,0.0,0.9999976804571253
BerkeleyDBC,solverBased,0.125,0.0,0.9999979260933881
BerkeleyDBC,solverBased,0.126,0.0,0.9999981459544562
BerkeleyDBC,solverBased,0.127,0.0,0.9999983427200236
BerkeleyDBC,solverBased,0.128,0.0,0.9999985187937926
BerkeleyDBC,solverBased,0.129,0.0,0.9999986763316314
BerkeleyDBC,solverBased,0.13,0.0,0.9999988172668851
BerkeleyDBC,solverBased,0.131,0.0,0.9999989433331278
BerkeleyDBC,solverBased,0.132,0.0,0.9999990560846095
BerkeleyDBC,solverBased,0.133,0.0,0.9999991569146308
BerkeleyDBC,solverBased,0.134,0.0,0.9999992470720526
BerkeleyDBC,solverBased,0.135,0.0,0.9999993276761285
BerkeleyDBC,solverBased,0.136,0.0,0.9999993997298287
BerkeleyDBC,solverBased,0.137,0.0,0.9999994641318066
BerkeleyDBC,solverBased,0.138,0.0,0.9999995216871475
BerkeleyDBC,solverBased,0.139,0.0,0.9999995731170173
BerkeleyDBC,solverBased,0.14,0.0,0.999999619067329
BerkeleyDBC,solverBased,0.141,0.0,0.9999996601165206
BerkeleyDBC,solverBased,0.142,0.0,0.9999996967825374
BerkeleyDBC,solverBased,0.143,0.0,0.9999997295290985
BerkeleyDBC,solverBased,0.144,0.0,0.9999997587713211
BerkeleyDBC,solverBased,0.145,0.0,0.9999997848807657
BerkeleyDBC,solverBased,0.146,0.0,0.9999998081899637
BerkeleyDBC,solverBased,0.147,0.0,0.9999998289964783
BerkeleyDBC,solverBased,0.148,0.0,0.9999998475665471
BerkeleyDBC,solverBased,0.149,0.0,0.9999998641383488
BerkeleyDBC,SRSSampling,0.0,0.0,0.0
BerkeleyDBC,SRSSampling,0.001,0.59,0.09339555059192428
BerkeleyDBC,SRSSampling,0.002,0.8,0.17814907903138177
BerkeleyDBC,SRSSampling,0.003,0.87,0.2550527615546916
BerkeleyDBC,SRSSampling,0.004,0.9,0.32482684626795744
BerkeleyDBC,SRSSampling,0.005,0.92,0.38812612157195225
BerkeleyDBC,SRSSampling,0.006,0.92,0.44554580852083614
BerkeleyDBC,SRSSampling,0.007,0.92,0.4976269279154968
BerkeleyDBC,SRSSampling,0.008,0.93,0.5448611884968069
BerkeleyDBC,SRSSampling,0.009,0.93,0.5876954385519864
BerkeleyDBC,SRSSampling,0.01,0.93,0.6265357195457308
BerkeleyDBC,SRSSampling,0.011,0.93,0.6617509570068023
BerkeleyDBC,SRSSampling,0.012,0.93,0.6936763208128897
BerkeleyDBC,SRSSampling,0.013,0.93,0.7226162841965951
BerkeleyDBC,SRSSampling,0.014,0.93,0.7488474082203623
BerkeleyDBC,SRSSampling,0.015,0.93,0.7726208761169963
BerkeleyDBC,SRSSampling,0.016,0.93,0.7941647997458495
BerkeleyDBC,SRSSampling,0.017,0.93,0.813686318455154
BerkeleyDBC,SRSSampling,0.018,0.93,0.8313735088522378
BerkeleyDBC,SRSSampling,0.019,0.93,0.8473971223507297
BerkeleyDBC,SRSSampling,0.02,0.93,0.8619121658738516
BerkeleyDBC,SRSSampling,0.021,0.93,0.8750593397331726
BerkeleyDBC,SRSSampling,0.022,0.93,0.8869663454614984
BerkeleyDBC,SRSSampling,0.023,0.93,0.8977490752465626
BerkeleyDBC,SRSSampling,0.024,0.94,0.9075126935794554
BerkeleyDBC,SRSSampling,0.025,0.94,0.916352620789658
BerkeleyDBC,SRSSampling,0.026,0.94,0.924355427279247
BerkeleyDBC,SRSSampling,0.027,0.94,0.9315996464851302
BerkeleyDBC,SRSSampling,0.028,0.94,0.9381565138834471
BerkeleyDBC,SRSSampling,0.029,0.94,0.9440906386985503
BerkeleyDBC,SRSSampling,0.03,0.95,0.9494606143847321
BerkeleyDBC,SRSSampling,0.031,0.95,0.9543195734071039
BerkeleyDBC,SRSSampling,0.032,0.95,0.9587156913541482
BerkeleyDBC,SRSSampling,0.033,0.95,0.962692644964275
BerkeleyDBC,SRSSampling,0.034,0.95,0.9662900282384002
BerkeleyDBC,SRSSampling,0.035,0.95,0.9695437304366151
BerkeleyDBC,SRSSampling,0.036,0.95,0.9724862794162552
BerkeleyDBC,SRSSampling,0.037,0.95,0.9751471534581799
BerkeleyDBC,SRSSampling,0.038,0.95,0.9775530644451877
BerkeleyDBC,SRSSampling,0.039,0.95,0.9797282149987743
BerkeleyDBC,SRSSampling,0.04,0.95,0.9816945319456927
BerkeleyDBC,SRSSampling,0.041,0.95,0.9834718782719496
BerkeleyDBC,SRSSampling,0.042,0.95,0.9850782455271389
BerkeleyDBC,SRSSampling,0.043,0.95,0.9865299284646818
BerkeleyDBC,SRSSampling,0.044,0.95,0.9878416835420655
BerkeleyDBC,SRSSampling,0.045,0.95,0.9890268727581581
BerkeleyDBC,SRSSampling,0.046,0.95,0.9900975941708334
BerkeleyDBC,SRSSampling,0.047,0.95,0.9910648003163058
BerkeleyDBC,SRSSampling,0.048,0.95,0.9919384056406798
BerkeleyDBC,SRSSampling,0.049,0.95,0.9927273839532917
BerkeleyDBC,SRSSampling,0.05,0.96,0.9934398568195745
BerkeleyDBC,SRSSampling,0.051,0.96,0.9940831737276045
BerkeleyDBC,SRSSampling,0.052,0.96,0.9946639847864472
BerkeleyDBC,SRSSampling,0.053,0.96,0.9951883066452463
BerkeleyDBC,SRSSampling,0.054,0.96,0.9956615822590659
BerkeleyDBC,SRSSampling,0.055,0.96,0.9960887350702666
BerkeleyDBC,SRSSampling,0.056,0.96,0.9964742181221343
BerkeleyDBC,SRSSampling,0.057,0.96,0.9968220585741411
BerkeleyDBC,SRSSampling,0.058,0.96,0.9971358980451757
BerkeleyDBC,SRSSampling,0.059,0.96,0.9974190291719401
BerkeleyDBC,SRSSampling,0.06,0.96,0.997674428734129
BerkeleyDBC,SRSSampling,0.061,0.96,0.9979047876656656
BerkeleyDBC,SRSSampling,0.062,0.96,0.9981125382418694
BerkeleyDBC,SRSSampling,0.063,0.96,0.998299878705712
BerkeleyDBC,SRSSampling,0.064,0.96,0.9984687955720386
BerkeleyDBC,SRSSampling,0.065,0.96,0.9986210838265686
BerkeleyDBC,SRSSampling,0.066,0.96,0.9987583652164458
BerkeleyDBC,SRSSampling,0.067,0.96,0.9988821048108966
BerkeleyDBC,SRSSampling,0.068,0.96,0.9989936259940135
BerkeleyDBC,SRSSampling,0.069,0.96,0.9990941240366576
BerkeleyDBC,SRSSampling,0.07,0.96,0.999184678380826
BerkeleyDBC,SRSSampling,0.071,0.96,0.9992662637574423
BerkeleyDBC,SRSSampling,0.072,0.97,0.9993397602472743
BerkeleyDBC,SRSSampling,0.073,0.97,0.9994059623844682
BerkeleyDBC,SRSSampling,0.074,0.97,0.9994655873929181
BerkeleyDBC,SRSSampling,0.075,0.97,0.9995192826372674
BerkeleyDBC,SRSSampling,0.076,0.97,0.9995676323627031
BerkeleyDBC,SRSSampling,0.077,0.97,0.9996111637907665
BerkeleyDBC,SRSSampling,0.078,0.97,0.9996503526321164
BerkeleyDBC,SRSSampling,0.079,0.97,0.9996856280714662
BerkeleyDBC,SRSSampling,0.08,0.97,0.9997173772747436
BerkeleyDBC,SRSSampling,0.081,0.97,0.9997459494638187
BerkeleyDBC,SRSSampling,0.082,0.97,0.9997716595998852
BerkeleyDBC,SRSSampling,0.083,0.97,0.9997947917127175
BerkeleyDBC,SRSSampling,0.084,0.97,0.9998156019095154
BerkeleyDBC,SRSSampling,0.085,0.97,0.9998343210938773
BerkeleyDBC,SRSSampling,0.086,0.97,0.9998511574225536
BerkeleyDBC,SRSSampling,0.087,0.97,0.999866298525025
BerkeleyDBC,SRSSampling,0.088,0.97,0.9998799135085791
BerkeleyDBC,SRSSampling,0.089,0.97,0.9998921547694146
BerkeleyDBC,SRSSampling,0.09,0.97,0.9999031596283552
BerkeleyDBC,SRSSampling,0.091,0.97,0.9999130518079927
BerkeleyDBC,SRSSampling,0.092,0.97,0.999921942766484
BerkeleyDBC,SRSSampling,0.093,0.97,0.9999299329017758
BerkeleyDBC,SRSSampling,0.094,0.97,0.9999371126387228
BerkeleyDBC,SRSSampling,0.095,0.97,0.9999435634103786
BerkeleyDBC,SRSSampling,0.096,0.97,0.9999493585436581
BerkeleyDBC,SRSSampling,0.097,0.97,0.9999545640586028
BerkeleyDBC,SRSSampling,0.098,0.97,0.9999592393895942
BerkeleyDBC,SRSSampling,0.099,0.97,0.999963438036063
BerkeleyDBC,SRSSampling,0.1,0.97,0.9999672081495214
BerkeleyDBC,SRSSampling,0.101,1.0,0.999970593063087
BerkeleyDBC,SRSSampling,0.102,1.0,0.9999736317690785
BerkeleyDBC,SRSSampling,0.103,1.0,0.9999763593497271
BerkeleyDBC,SRSSampling,0.104,1.0,0.9999788073655594
BerkeleyDBC,SRSSampling,0.105,1.0,0.9999810042055743
BerkeleyDBC,SRSSampling,0.106,1.0,0.9999829754029312
BerkeleyDBC,SRSSampling,0.107,1.0,0.9999847439195196
BerkeleyDBC,SRSSampling,0.108,1.0,0.9999863304024413
BerkeleyDBC,SRSSampling,0.109,1.0,0.9999877534151563
BerkeleyDBC,SRSSampling,0.11,1.0,0.9999890296457664
BerkeleyDBC,SRSSampling,0.111,1.0,0.9999901740946796
BerkeleyDBC,SRSSampling,0.112,1.0,0.9999912002436734
BerkeleyDBC,SRSSampling,0.113,1.0,0.9999921202081854
BerkeleyDBC,SRSSampling,0.114,1.0,0.9999929448744784
BerkeleyDBC,SRSSampling,0.115,1.0,0.9999936840231665
BerkeleyDBC,SRSSampling,0.116,1.0,0.9999943464404468
BerkeleyDBC,SRSSampling,0.117,1.0,0.9999949400182483
BerkeleyDBC,SRSSampling,0.118,1.0,0.9999954718443904
BerkeleyDBC,SRSSampling,0.119,1.0,0.9999959482837392
BerkeleyDBC,SRSSampling,0.12,1.0,0.999996375051251
BerkeleyDBC,SRSSampling,0.121,1.0,0.9999967572777072
BerkeleyDBC,SRSSampling,0.122,1.0,0.9999970995688627
BerkeleyDBC,SRSSampling,0.123,1.0,0.9999974060586645
BerkeleyDBC,SRSSampling,0.124,1.0,0.9999976804571253
BerkeleyDBC,SRSSampling,0.125,1.0,0.9999979260933881
BerkeleyDBC,SRSSampling,0.126,1.0,0.9999981459544562
BerkeleyDBC,SRSSampling,0.127,1.0,0.9999983427200236
BerkeleyDBC,SRSSampling,0.128,1.0,0.9999985187937926
BerkeleyDBC,SRSSampling,0.129,1.0,0.9999986763316314
BerkeleyDBC,SRSSampling,0.13,1.0,0.9999988172668851
BerkeleyDBC,SRSSampling,0.131,1.0,0.9999989433331278
BerkeleyDBC,SRSSampling,0.132,1.0,0.9999990560846095
BerkeleyDBC,SRSSampling,0.133,1.0,0.9999991569146308
BerkeleyDBC,SRSSampling,0.134,1.0,0.9999992470720526
BerkeleyDBC,SRSSampling,0.135,1.0,0.9999993276761285
BerkeleyDBC,SRSSampling,0.136,1.0,0.9999993997298287
BerkeleyDBC,SRSSampling,0.137,1.0,0.9999994641318066
BerkeleyDBC,SRSSampling,0.138,1.0,0.9999995216871475
BerkeleyDBC,SRSSampling,0.139,1.0,0.9999995731170173
BerkeleyDBC,SRSSampling,0.14,1.0,0.999999619067329
BerkeleyDBC,SRSSampling,0.141,1.0,0.9999996601165206
BerkeleyDBC,SRSSampling,0.142,1.0,0.9999996967825374
BerkeleyDBC,SRSSampling,0.143,1.0,0.9999997295290985
BerkeleyDBC,SRSSampling,0.144,1.0,0.9999997587713211
BerkeleyDBC,SRSSampling,0.145,1.0,0.9999997848807657
BerkeleyDBC,SRSSampling,0.146,1.0,0.9999998081899637
BerkeleyDBC,SRSSampling,0.147,1.0,0.9999998289964783
BerkeleyDBC,SRSSampling,0.148,1.0,0.9999998475665471
BerkeleyDBC,SRSSampling,0.149,1.0,0.9999998641383488
Dune,solverBased,0.0,0.0,0.0
Dune,solverBased,0.001,0.15,0.23366287012403242
Dune,solverBased,0.002,0.16,0.4128839100028662
Dune,solverBased,0.003,0.23,0.5503111588045863
Dune,solverBased,0.004,0.24,0.6556627389078665
Dune,solverBased,0.005,0.46,0.7364035977751386
Dune,solverBased,0.006,0.49,0.7982663949041909
Dune,solverBased,0.007,0.54,0.8456523222089316
Dune,solverBased,0.008,0.94,0.8819394524721873
Dune,solverBased,0.009,0.94,0.909719887189549
Dune,solverBased,0.01,0.96,0.9309820965002912
Dune,solverBased,0.011,0.96,0.9472510808881774
Dune,solverBased,0.012,0.96,0.9596960825805438
Dune,solverBased,0.013,0.96,0.9692133375442842
Dune,solverBased,0.014,0.96,0.9764896348520056
Dune,solverBased,0.015,0.96,0.9820511217219277
Dune,solverBased,0.016,0.96,0.9863007691950593
Dune,solverBased,0.017,0.96,0.9895471253272754
Dune,solverBased,0.018,0.96,0.9920263760205541
Dune,solverBased,0.019,0.96,0.9939192665974657
Dune,solverBased,0.02,0.96,0.9953640778514883
Dune,solverBased,0.021,0.97,0.9964665738433691
Dune,solverBased,0.022,0.97,0.9973076260896586
Dune,solverBased,0.023,0.97,0.9979490553064718
Dune,solverBased,0.024,0.97,0.9984381062058307
Dune,solverBased,0.025,0.97,0.9988108742715222
Dune,solverBased,0.026,0.97,0.9990949292498278
Dune,solverBased,0.027,0.97,0.999311323107121
Dune,solverBased,0.028,0.97,0.9994761264516832
Dune,solverBased,0.029,0.97,0.999601603829204
Dune,solverBased,0.03,0.97,0.9996971125249594
Dune,solverBased,0.031,0.97,0.9997697897293123
Dune,solverBased,0.032,0.97,0.999825077754408
Dune,solverBased,0.033,0.97,0.9998671253584126
Dune,solverBased,0.034,1.0,0.9998990943169617
Dune,solverBased,0.035,1.0,0.9999233935478528
Dune,solverBased,0.036,1.0,0.9999418578592464
Dune,solverBased,0.037,1.0,0.9999558843812235
Dune,solverBased,0.038,1.0,0.9999665366695526
Dune,solverBased,0.039,1.0,0.9999746241195369
Dune,solverBased,0.04,1.0,0.9999807625285405
Dune,solverBased,0.041,1.0,0.9999854202691278
Dune,solverBased,0.042,1.0,0.9999889534817373
Dune,solverBased,0.043,1.0,0.9999916328905766
Dune,solverBased,0.044,1.0,0.9999936642308423
Dune,solverBased,0.045,1.0,0.9999952038048975
Dune,solverBased,0.046,1.0,0.9999963703255758
Dune,solverBased,0.047,1.0,0.999997253930214
Dune,solverBased,0.048,1.0,0.9999979230393415
Dune,solverBased,0.049,1.0,0.9999984295738968
Dune,solverBased,0.05,1.0,0.9999988129226819
Dune,solverBased,0.051,1.0,0.9999991029585613
Dune,solverBased,0.052,1.0,0.9999993223308242
Dune,solverBased,0.053,1.0,0.9999994882069136
Dune,solverBased,0.054,1.0,0.9999996135954045
Dune,solverBased,0.055,1.0,0.999999708350616
Dune,solverBased,0.056,1.0,0.9999997799352497
Dune,solverBased,0.057,1.0,0.9999998339991667
Dune,solverBased,0.058,1.0,0.9999998748185024
Dune,solverBased,0.059,1.0,0.999999905628723
Dune,solverBased,0.06,1.0,0.9999999288771654
Dune,solverBased,0.061,1.0,0.9999999464144685
Dune,solverBased,0.062,1.0,0.999999959639642
Dune,solverBased,0.063,1.0,0.9999999696099667
Dune,solverBased,0.064,1.0,0.9999999771242277
Dune,solverBased,0.065,1.0,0.9999999827857347
Dune,solverBased,0.066,1.0,0.9999999870500206
Dune,solverBased,0.067,1.0,0.9999999902609357
Dune,solverBased,0.068,1.0,0.99999999267795
Dune,solverBased,0.069,1.0,0.999999994496802
Dune,solverBased,0.07,1.0,0.9999999958651066
Dune,solverBased,0.071,1.0,0.999999996894154
Dune,solverBased,0.072,1.0,0.9999999976678221
Dune,solverBased,0.073,1.0,0.9999999982493099
Dune,solverBased,0.074,1.0,0.9999999986862206
Dune,solverBased,0.075,1.0,0.9999999990143995
Dune,solverBased,0.076,1.0,0.9999999992608299
Dune,solverBased,0.077,1.0,0.999999999445818
Dune,solverBased,0.078,1.0,0.9999999995846397
Dune,solverBased,0.079,1.0,0.9999999996887842
Dune,solverBased,0.08,1.0,0.9999999997668894
Dune,solverBased,0.081,1.0,0.9999999998254475
Dune,solverBased,0.082,1.0,0.9999999998693369
Dune,solverBased,0.083,1.0,0.9999999999022215
Dune,solverBased,0.084,1.0,0.9999999999268531
Dune,solverBased,0.085,1.0,0.999999999945297
Dune,solverBased,0.086,1.0,0.9999999999591033
Dune,solverBased,0.087,1.0,0.9999999999694348
Dune,solverBased,0.088,1.0,0.9999999999771636
Dune,solverBased,0.089,1.0,0.9999999999829435
Dune,solverBased,0.09,1.0,0.9999999999872646
Dune,solverBased,0.091,1.0,0.9999999999904942
Dune,solverBased,0.092,1.0,0.9999999999929069
Dune,solverBased,0.093,1.0,0.999999999994709
Dune,solverBased,0.094,1.0,0.9999999999960545
Dune,solverBased,0.095,1.0,0.9999999999970588
Dune,solverBased,0.096,1.0,0.9999999999978082
Dune,solverBased,0.097,1.0,0.9999999999983672
Dune,solverBased,0.098,1.0,0.999999999998784
Dune,solverBased,0.099,1.0,0.9999999999990947
Dune,solverBased,0.1,1.0,0.9999999999993262
Dune,solverBased,0.101,1.0,0.9999999999994987
Dune,solverBased,0.102,1.0,0.9999999999996272
Dune,solverBased,0.103,1.0,0.9999999999997228
Dune,solverBased,0.104,1.0,0.9999999999997939
Dune,solverBased,0.105,1.0,0.9999999999998469
Dune,solverBased,0.106,1.0,0.9999999999998863
Dune,solverBased,0.107,1.0,0.9999999999999156
Dune,solverBased,0.108,1.0,0.9999999999999374
Dune,solverBased,0.109,1.0,0.9999999999999535
Dune,solverBased,0.11,1.0,0.9999999999999655
Dune,solverBased,0.111,1.0,0.9999999999999745
Dune,solverBased,0.112,1.0,0.999999999999981
Dune,solverBased,0.113,1.0,0.9999999999999859
Dune,solverBased,0.114,1.0,0.9999999999999896
Dune,solverBased,0.115,1.0,0.9999999999999923
Dune,solverBased,0.116,1.0,0.9999999999999943
Dune,solverBased,0.117,1.0,0.9999999999999958
Dune,solverBased,0.118,1.0,0.9999999999999969
Dune,solverBased,0.119,1.0,0.9999999999999977
Dune,solverBased,0.12,1.0,0.9999999999999983
Dune,solverBased,0.121,1.0,0.9999999999999988
Dune,solverBased,0.122,1.0,0.9999999999999991
Dune,solverBased,0.123,1.0,0.9999999999999993
Dune,solverBased,0.124,1.0,0.9999999999999994
Dune,solverBased,0.125,1.0,0.9999999999999997
Dune,solverBased,0.126,1.0,0.9999999999999998
Dune,solverBased,0.127,1.0,0.9999999999999998
Dune,solverBased,0.128,1.0,0.9999999999999999
Dune,solverBased,0.129,1.0,0.9999999999999999
Dune,solverBased,0.13,1.0,0.9999999999999999
Dune,solverBased,0.131,1.0,0.9999999999999999
Dune,solverBased,0.132,1.0,1.0
Dune,solverBased,0.133,1.0,1.0
Dune,solverBased,0.134,1.0,1.0
Dune,solverBased,0.135,1.0,1.0
Dune,solverBased,0.136,1.0,1.0
Dune,solverBased,0.137,1.0,1.0
Dune,solverBased,0.138,1.0,1.0
Dune,solverBased,0.139,1.0,1.0
Dune,solverBased,0.14,1.0,1.0
Dune,solverBased,0.141,1.0,1.0
Dune,solverBased,0.142,1.0,1.0
Dune,solverBased,0.143,1.0,1.0
Dune,solverBased,0.144,1.0,1.0
Dune,solverBased,0.145,1.0,1.0
Dune,solverBased,0.146,1.0,1.0
Dune,solverBased,0.147,1.0,1.0
Dune,solverBased,0.148,1.0,1.0
Dune,solverBased,0.149,1.0,1.0
Dune,SRSSampling,0.0,0.0,0.0
Dune,SRSSampling,0.001,0.65,0.23366287012403242
Dune,SRSSampling,0.002,0.78,0.4128839100028662
Dune,SRSSampling,0.003,0.86,0.5503111588045863
Dune,SRSSampling,0.004,0.9,0.6556627389078665
Dune,SRSSampling,0.005,0.95,0.7364035977751386
Dune,SRSSampling,0.006,0.96,0.7982663949041909
Dune,SRSSampling,0.007,0.98,0.8456523222089316
Dune,SRSSampling,0.008,0.98,0.8819394524721873
Dune,SRSSampling,0.009,0.98,0.909719887189549
Dune,SRSSampling,0.01,0.98,0.9309820965002912
Dune,SRSSampling,0.011,0.99,0.9472510808881774
Dune,SRSSampling,0.012,0.99,0.9596960825805438
Dune,SRSSampling,0.013,0.99,0.9692133375442842
Dune,SRSSampling,0.014,0.99,0.9764896348520056
Dune,SRSSampling,0.015,0.99,0.9820511217219277
Dune,SRSSampling,0.016,0.99,0.9863007691950593
Dune,SRSSampling,0.017,0.99,0.9895471253272754
Dune,SRSSampling,0.018,0.99,0.9920263760205541
Dune,SRSSampling,0.019,0.99,0.9939192665974657
Dune,SRSSampling,0.02,1.0,0.9953640778514883
Dune,SRSSampling,0.021,1.0,0.9964665738433691
Dune,SRSSampling,0.022,1.0,0.9973076260896586
Dune,SRSSampling,0.023,1.0,0.9979490553064718
Dune,SRSSampling,0.024,1.0,0.9984381062058307
Dune,SRSSampling,0.025,1.0,0.9988108742715222
Dune,SRSSampling,0.026,1.0,0.9990949292498278
Dune,SRSSampling,0.027,1.0,0.999311323107121
Dune,SRSSampling,0.028,1.0,0.9994761264516832
Dune,SRSSampling,0.029,1.0,0.999601603829204
Dune,SRSSampling,0.03,1.0,0.9996971125249594
Dune,SRSSampling,0.031,1.0,0.9997697897293123
Dune,SRSSampling,0.032,1.0,0.999825077754408
Dune,SRSSampling,0.033,1.0,0.9998671253584126
Dune,SRSSampling,0.034,1.0,0.9998990943169617
Dune,SRSSampling,0.035,1.0,0.9999233935478528
Dune,SRSSampling,0.036,1.0,0.9999418578592464
Dune,SRSSampling,0.037,1.0,0.9999558843812235
Dune,SRSSampling,0.038,1.0,0.9999665366695526
Dune,SRSSampling,0.039,1.0,0.9999746241195369
Dune,SRSSampling,0.04,1.0,0.9999807625285405
Dune,SRSSampling,0.041,1.0,0.9999854202691278
Dune,SRSSampling,0.042,1.0,0.9999889534817373
Dune,SRSSampling,0.043,1.0,0.9999916328905766
Dune,SRSSampling,0.044,1.0,0.9999936642308423
Dune,SRSSampling,0.045,1.0,0.9999952038048975
Dune,SRSSampling,0.046,1.0,0.9999963703255758
Dune,SRSSampling,0.047,1.0,0.999997253930214
Dune,SRSSampling,0.048,1.0,0.9999979230393415
Dune,SRSSampling,0.049,1.0,0.9999984295738968
Dune,SRSSampling,0.05,1.0,0.9999988129226819
Dune,SRSSampling,0.051,1.0,0.9999991029585613
Dune,SRSSampling,0.052,1.0,0.9999993223308242
Dune,SRSSampling,0.053,1.0,0.9999994882069136
Dune,SRSSampling,0.054,1.0,0.9999996135954045
Dune,SRSSampling,0.055,1.0,0.999999708350616
Dune,SRSSampling,0.056,1.0,0.9999997799352497
Dune,SRSSampling,0.057,1.0,0.9999998339991667
Dune,SRSSampling,0.058,1.0,0.9999998748185024
Dune,SRSSampling,0.059,1.0,0.999999905628723
Dune,SRSSampling,0.06,1.0,0.9999999288771654
Dune,SRSSampling,0.061,1.0,0.9999999464144685
Dune,SRSSampling,0.062,1.0,0.999999959639642
Dune,SRSSampling,0.063,1.0,0.9999999696099667
Dune,SRSSampling,0.064,1.0,0.9999999771242277
Dune,SRSSampling,0.065,1.0,0.9999999827857347
Dune,SRSSampling,0.066,1.0,0.9999999870500206
Dune,SRSSampling,0.067,1.0,0.9999999902609357
Dune,SRSSampling,0.068,1.0,0.99999999267795
Dune,SRSSampling,0.069,1.0,0.999999994496802
Dune,SRSSampling,0.07,1.0,0.9999999958651066
Dune,SRSSampling,0.071,1.0,0.999999996894154
Dune,SRSSampling,0.072,1.0,0.9999999976678221
Dune,SRSSampling,0.073,1.0,0.9999999982493099
Dune,SRSSampling,0.074,1.0,0.9999999986862206
Dune,SRSSampling,0.075,1.0,0.9999999990143995
Dune,SRSSampling,0.076,1.0,0.9999999992608299
Dune,SRSSampling,0.077,1.0,0.999999999445818
Dune,SRSSampling,0.078,1.0,0.9999999995846397
Dune,SRSSampling,0.079,1.0,0.9999999996887842
Dune,SRSSampling,0.08,1.0,0.9999999997668894
Dune,SRSSampling,0.081,1.0,0.9999999998254475
Dune,SRSSampling,0.082,1.0,0.9999999998693369
Dune,SRSSampling,0.083,1.0,0.9999999999022215
Dune,SRSSampling,0.084,1.0,0.9999999999268531
Dune,SRSSampling,0.085,1.0,0.999999999945297
Dune,SRSSampling,0.086,1.0,0.9999999999591033
Dune,SRSSampling,0.087,1.0,0.9999999999694348
Dune,SRSSampling,0.088,1.0,0.9999999999771636
Dune,SRSSampling,0.089,1.0,0.9999999999829435
Dune,SRSSampling,0.09,1.0,0.9999999999872646
Dune,SRSSampling,0.091,1.0,0.9999999999904942
Dune,SRSSampling,0.092,1.0,0.9999999999929069
Dune,SRSSampling,0.093,1.0,0.999999999994709
Dune,SRSSampling,0.094,1.0,0.9999999999960545
Dune,SRSSampling,0.095,1.0,0.9999999999970588
Dune,SRSSampling,0.096,1.0,0.9999999999978082
Dune,SRSSampling,0.097,1.0,0.9999999999983672
Dune,SRSSampling,0.098,1.0,0.999999999998784
Dune,SRSSampling,0.099,1.0,0.9999999999990947
Dune,SRSSampling,0.1,1.0,0.9999999999993262
Dune,SRSSampling,0.101,1.0,0.9999999999994987
Dune,SRSSampling,0.102,1.0,0.9999999999996272
Dune,SRSSampling,0.103,1.0,0.9999999999997228
Dune,SRSSampling,0.104,1.0,0.9999999999997939
Dune,SRSSampling,0.105,1.0,0.9999999999998469
Dune,SRSSampling,0.106,1.0,0.9999999999998863
Dune,SRSSampling,0.107,1.0,0.9999999999999156
Dune,SRSSampling,0.108,1.0,0.9999999999999374
Dune,SRSSampling,0.109,1.0,0.9999999999999535
Dune,SRSSampling,0.11,1.0,0.9999999999999655
Dune,SRSSampling,0.111,1.0,0.9999999999999745
Dune,SRSSampling,0.112,1.0,0.999999999999981
Dune,SRSSampling,0.113,1.0,0.9999999999999859
Dune,SRSSampling,0.114,1.0,0.9999999999999896
Dune,SRSSampling,0.115,1.0,0.9999999999999923
Dune,SRSSampling,0.116,1.0,0.9999999999999943
Dune,SRSSampling,0.117,1.0,0.9999999999999958
Dune,SRSSampling,0.118,1.0,0.9999999999999969
Dune,SRSSampling,0.119,1.0,0.9999999999999977
Dune,SRSSampling,0.12,1.0,0.9999999999999983
Dune,SRSSampling,0.121,1.0,0.9999999999999988
Dune,SRSSampling,0.122,1.0,0.9999999999999991
Dune,SRSSampling,0.123,1.0,0.9999999999999993
Dune,SRSSampling,0.124,1.0,0.9999999999999994
Dune,SRSSampling,0.125,1.0,0.9999999999999997
Dune,SRSSampling,0.126,1.0,0.9999999999999998
Dune,SRSSampling,0.127,1.0,0.9999999999999998
Dune,SRSSampling,0.128,1.0,0.9999999999999999
Dune,SRSSampling,0.129,1.0,0.9999999999999999
Dune,SRSSampling,0.13,1.0,0.9999999999999999
Dune,SRSSampling,0.131,1.0,0.9999999999999999
Dune,SRSSampling,0.132,1.0,1.0
Dune,SRSSampling,0.133,1.0,1.0
Dune,SRSSampling,0.134,1.0,1.0
Dune,SRSSampling,0.135,1.0,1.0
Dune,SRSSampling,0.136,1.0,1.0
Dune,SRSSampling,0.137,1.0,1.0
Dune,SRSSampling,0.138,1.0,1.0
Dune,SRSSampling,0.139,1.0,1.0
Dune,SRSSampling,0.14,1.0,1.0
Dune,SRSSampling,0.141,1.0,1.0
Dune,SRSSampling,0.142,1.0,1.0
Dune,SRSSampling,0.143,1.0,1.0
Dune,SRSSampling,0.144,1.0,1.0
Dune,SRSSampling,0.145,1.0,1.0
Dune,SRSSampling,0.146,1.0,1.0
Dune,SRSSampling,0.147,1.0,1.0
Dune,SRSSampling,0.148,1.0,1.0
Dune,SRSSampling,0.149,1.0,1.0
Hipacc,solverBased,0.0,0.0,0.0
Hipacc,solverBased,0.001,0.89,0.5701944068776874
Hipacc,solverBased,0.002,0.93,0.8154233129788522
Hipacc,solverBased,0.003,0.95,0.9208021093031644
Hipacc,solverBased,0.004,0.96,0.966046728235174
Hipacc,solverBased,0.005,0.96,0.9854561244601018
Hipacc,solverBased,0.006,0.96,0.9937754432424644
Hipacc,solverBased,0.007,0.96,0.997338259393375
Hipacc,solverBased,0.008,0.97,0.9988627621696209
Hipacc,solverBased,0.009,0.98,0.9995145277776611
Hipacc,solverBased,0.01,0.99,0.999792936171162
Hipacc,solverBased,0.011,0.99,0.9999117590636217
Hipacc,solverBased,0.012,0.99,0.9999624282666059
Hipacc,solverBased,0.013,0.99,0.9999840163171675
Hipacc,solverBased,0.014,1.0,0.9999932061459884
Hipacc,solverBased,0.015,1.0,0.9999971147826177
Hipacc,solverBased,0.016,1.0,0.9999987757698356
Hipacc,solverBased,0.017,1.0,0.9999994809979774
Hipacc,solverBased,0.018,1.0,0.9999997801655799
Hipacc,solverBased,0.019,1.0,0.9999999069658855
Hipacc,solverBased,0.02,1.0,0.9999999606623978
Hipacc,solverBased,0.021,1.0,0.9999999833814976
Hipacc,solverBased,0.022,1.0,0.999999992985553
Hipacc,solverBased,0.023,1.0,0.9999999970419073
Hipacc,solverBased,0.024,1.0,0.9999999987536325
Hipacc,solverBased,0.025,1.0,0.9999999994753186
Hipacc,solverBased,0.026,1.0,0.9999999997793217
Hipacc,solverBased,0.027,1.0,0.9999999999072664
Hipacc,solverBased,0.028,1.0,0.9999999999610661
Hipacc,solverBased,0.029,1.0,0.9999999999836684
Hipacc,solverBased,0.03,1.0,0.9999999999931555
Hipacc,solverBased,0.031,1.0,0.9999999999971341
Hipacc,solverBased,0.032,1.0,0.9999999999988011
Hipacc,solverBased,0.033,1.0,0.9999999999994988
Hipacc,solverBased,0.034,1.0,0.9999999999997907
Hipacc,solverBased,0.035,1.0,0.9999999999999127
Hipacc,solverBased,0.036,1.0,0.9999999999999636
Hipacc,solverBased,0.037,1.0,0.9999999999999848
Hipacc,solverBased,0.038,1.0,0.9999999999999937
Hipacc,solverBased,0.039,1.0,0.9999999999999973
Hipacc,solverBased,0.04,1.0,0.9999999999999989
Hipacc,solverBased,0.041,1.0,0.9999999999999996
Hipacc,solverBased,0.042,1.0,0.9999999999999998
Hipacc,solverBased,0.043,1.0,0.9999999999999999
Hipacc,solverBased,0.044,1.0,1.0
Hipacc,solverBased,0.045,1.0,1.0
Hipacc,solverBased,0.046,1.0,1.0
Hipacc,solverBased,0.047,1.0,1.0
Hipacc,solverBased,0.048,1.0,1.0
Hipacc,solverBased,0.049,1.0,1.0
Hipacc,solverBased,0.05,1.0,1.0
Hipacc,solverBased,0.051,1.0,1.0
Hipacc,solverBased,0.052,1.0,1.0
Hipacc,solverBased,0.053,1.0,1.0
Hipacc,solverBased,0.054,1.0,1.0
Hipacc,solverBased,0.055,1.0,1.0
Hipacc,solverBased,0.056,1.0,1.0
Hipacc,solverBased,0.057,1.0,1.0
Hipacc,solverBased,0.058,1.0,1.0
Hipacc,solverBased,0.059,1.0,1.0
Hipacc,solverBased,0.06,1.0,1.0
Hipacc,solverBased,0.061,1.0,1.0
Hipacc,solverBased,0.062,1.0,1.0
Hipacc,solverBased,0.063,1.0,1.0
Hipacc,solverBased,0.064,1.0,1.0
Hipacc,solverBased,0.065,1.0,1.0
Hipacc,solverBased,0.066,1.0,1.0
Hipacc,solverBased,0.067,1.0,1.0
Hipacc,solverBased,0.068,1.0,1.0
Hipacc,solverBased,0.069,1.0,1.0
Hipacc,solverBased,0.07,1.0,1.0
Hipacc,solverBased,0.071,1.0,1.0
Hipacc,solverBased,0.072,1.0,1.0
Hipacc,solverBased,0.073,1.0,1.0
Hipacc,solverBased,0.074,1.0,1.0
Hipacc,solverBased,0.075,1.0,1.0
Hipacc,solverBased,0.076,1.0,1.0
Hipacc,solverBased,0.077,1.0,1.0
Hipacc,solverBased,0.078,1.0,1.0
Hipacc,solverBased,0.079,1.0,1.0
Hipacc,solverBased,0.08,1.0,1.0
Hipacc,solverBased,0.081,1.0,1.0
Hipacc,solverBased,0.082,1.0,1.0
Hipacc,solverBased,0.083,1.0,1.0
Hipacc,solverBased,0.084,1.0,1.0
Hipacc,solverBased,0.085,1.0,1.0
Hipacc,solverBased,0.086,1.0,1.0
Hipacc,solverBased,0.087,1.0,1.0
Hipacc,solverBased,0.088,1.0,1.0
Hipacc,solverBased,0.089,1.0,1.0
Hipacc,solverBased,0.09,1.0,1.0
Hipacc,solverBased,0.091,1.0,1.0
Hipacc,solverBased,0.092,1.0,1.0
Hipacc,solverBased,0.093,1.0,1.0
Hipacc,solverBased,0.094,1.0,1.0
Hipacc,solverBased,0.095,1.0,1.0
Hipacc,solverBased,0.096,1.0,1.0
Hipacc,solverBased,0.097,1.0,1.0
Hipacc,solverBased,0.098,1.0,1.0
Hipacc,solverBased,0.099,1.0,1.0
Hipacc,solverBased,0.1,1.0,1.0
Hipacc,solverBased,0.101,1.0,1.0
Hipacc,solverBased,0.102,1.0,1.0
Hipacc,solverBased,0.103,1.0,1.0
Hipacc,solverBased,0.104,1.0,1.0
Hipacc,solverBased,0.105,1.0,1.0
Hipacc,solverBased,0.106,1.0,1.0
Hipacc,solverBased,0.107,1.0,1.0
Hipacc,solverBased,0.108,1.0,1.0
Hipacc,solverBased,0.109,1.0,1.0
Hipacc,solverBased,0.11,1.0,1.0
Hipacc,solverBased,0.111,1.0,1.0
Hipacc,solverBased,0.112,1.0,1.0
Hipacc,solverBased,0.113,1.0,1.0
Hipacc,solverBased,0.114,1.0,1.0
Hipacc,solverBased,0.115,1.0,1.0
Hipacc,solverBased,0.116,1.0,1.0
Hipacc,solverBased,0.117,1.0,1.0
Hipacc,solverBased,0.118,1.0,1.0
Hipacc,solverBased,0.119,1.0,1.0
Hipacc,solverBased,0.12,1.0,1.0
Hipacc,solverBased,0.121,1.0,1.0
Hipacc,solverBased,0.122,1.0,1.0
Hipacc,solverBased,0.123,1.0,1.0
Hipacc,solverBased,0.124,1.0,1.0
Hipacc,solverBased,0.125,1.0,1.0
Hipacc,solverBased,0.126,1.0,1.0
Hipacc,solverBased,0.127,1.0,1.0
Hipacc,solverBased,0.128,1.0,1.0
Hipacc,solverBased,0.129,1.0,1.0
Hipacc,solverBased,0.13,1.0,1.0
Hipacc,solverBased,0.131,1.0,1.0
Hipacc,solverBased,0.132,1.0,1.0
Hipacc,solverBased,0.133,1.0,1.0
Hipacc,solverBased,0.134,1.0,1.0
Hipacc,solverBased,0.135,1.0,1.0
Hipacc,solverBased,0.136,1.0,1.0
Hipacc,solverBased,0.137,1.0,1.0
Hipacc,solverBased,0.138,1.0,1.0
Hipacc,solverBased,0.139,1.0,1.0
Hipacc,solverBased,0.14,1.0,1.0
Hipacc,solverBased,0.141,1.0,1.0
Hipacc,solverBased,0.142,1.0,1.0
Hipacc,solverBased,0.143,1.0,1.0
Hipacc,solverBased,0.144,1.0,1.0
Hipacc,solverBased,0.145,1.0,1.0
Hipacc,solverBased,0.146,1.0,1.0
Hipacc,solverBased,0.147,1.0,1.0
Hipacc,solverBased,0.148,1.0,1.0
Hipacc,solverBased,0.149,1.0,1.0
Hipacc,SRSSampling,0.0,0.0,0.0
Hipacc,SRSSampling,0.001,0.91,0.5701944068776874
Hipacc,SRSSampling,0.002,0.98,0.8154233129788522
Hipacc,SRSSampling,0.003,1.0,0.9208021093031644
Hipacc,SRSSampling,0.004,1.0,0.966046728235174
Hipacc,SRSSampling,0.005,1.0,0.9854561244601018
Hipacc,SRSSampling,0.006,1.0,0.9937754432424644
Hipacc,SRSSampling,0.007,1.0,0.997338259393375
Hipacc,SRSSampling,0.008,1.0,0.9988627621696209
Hipacc,SRSSampling,0.009,1.0,0.9995145277776611
Hipacc,SRSSampling,0.01,1.0,0.999792936171162
Hipacc,SRSSampling,0.011,1.0,0.9999117590636217
Hipacc,SRSSampling,0.012,1.0,0.9999624282666059
Hipacc,SRSSampling,0.013,1.0,0.9999840163171675
Hipacc,SRSSampling,0.014,1.0,0.9999932061459884
Hipacc,SRSSampling,0.015,1.0,0.9999971147826177
Hipacc,SRSSampling,0.016,1.0,0.9999987757698356
Hipacc,SRSSampling,0.017,1.0,0.9999994809979774
Hipacc,SRSSampling,0.018,1.0,0.9999997801655799
Hipacc,SRSSampling,0.019,1.0,0.9999999069658855
Hipacc,SRSSampling,0.02,1.0,0.9999999606623978
Hipacc,SRSSampling,0.021,1.0,0.9999999833814976
Hipacc,SRSSampling,0.022,1.0,0.999999992985553
Hipacc,SRSSampling,0.023,1.0,0.9999999970419073
Hipacc,SRSSampling,0.024,1.0,0.9999999987536325
Hipacc,SRSSampling,0.025,1.0,0.9999999994753186
Hipacc,SRSSampling,0.026,1.0,0.9999999997793217
Hipacc,SRSSampling,0.027,1.0,0.9999999999072664
Hipacc,SRSSampling,0.028,1.0,0.9999999999610661
Hipacc,SRSSampling,0.029,1.0,0.9999999999836684
Hipacc,SRSSampling,0.03,1.0,0.9999999999931555
Hipacc,SRSSampling,0.031,1.0,0.9999999999971341
Hipacc,SRSSampling,0.032,1.0,0.9999999999988011
Hipacc,SRSSampling,0.033,1.0,0.9999999999994988
Hipacc,SRSSampling,0.034,1.0,0.9999999999997907
Hipacc,SRSSampling,0.035,1.0,0.9999999999999127
Hipacc,SRSSampling,0.036,1.0,0.9999999999999636
Hipacc,SRSSampling,0.037,1.0,0.9999999999999848
Hipacc,SRSSampling,0.038,1.0,0.9999999999999937
Hipacc,SRSSampling,0.039,1.0,0.9999999999999973
Hipacc,SRSSampling,0.04,1.0,0.9999999999999989
Hipacc,SRSSampling,0.041,1.0,0.9999999999999996
Hipacc,SRSSampling,0.042,1.0,0.9999999999999998
Hipacc,SRSSampling,0.043,1.0,0.9999999999999999
Hipacc,SRSSampling,0.044,1.0,1.0
Hipacc,SRSSampling,0.045,1.0,1.0
Hipacc,SRSSampling,0.046,1.0,1.0
Hipacc,SRSSampling,0.047,1.0,1.0
Hipacc,SRSSampling,0.048,1.0,1.0
Hipacc,SRSSampling,0.049,1.0,1.0
Hipacc,SRSSampling,0.05,1.0,1.0
Hipacc,SRSSampling,0.051,1.0,1.0
Hipacc,SRSSampling,0.052,1.0,1.0
Hipacc,SRSSampling,0.053,1.0,1.0
Hipacc,SRSSampling,0.054,1.0,1.0
Hipacc,SRSSampling,0.055,1.0,1.0
Hipacc,SRSSampling,0.056,1.0,1.0
Hipacc,SRSSampling,0.057,1.0,1.0
Hipacc,SRSSampling,0.058,1.0,1.0
Hipacc,SRSSampling,0.059,1.0,1.0
Hipacc,SRSSampling,0.06,1.0,1.0
Hipacc,SRSSampling,0.061,1.0,1.0
Hipacc,SRSSampling,0.062,1.0,1.0
Hipacc,SRSSampling,0.063,1.0,1.0
Hipacc,SRSSampling,0.064,1.0,1.0
Hipacc,SRSSampling,0.065,1.0,1.0
Hipacc,SRSSampling,0.066,1.0,1.0
Hipacc,SRSSampling,0.067,1.0,1.0
Hipacc,SRSSampling,0.068,1.0,1.0
Hipacc,SRSSampling,0.069,1.0,1.0
Hipacc,SRSSampling,0.07,1.0,1.0
Hipacc,SRSSampling,0.071,1.0,1.0
Hipacc,SRSSampling,0.072,1.0,1.0
Hipacc,SRSSampling,0.073,1.0,1.0
Hipacc,SRSSampling,0.074,1.0,1.0
Hipacc,SRSSampling,0.075,1.0,1.0
Hipacc,SRSSampling,0.076,1.0,1.0
Hipacc,SRSSampling,0.077,1.0,1.0
Hipacc,SRSSampling,0.078,1.0,1.0
Hipacc,SRSSampling,0.079,1.0,1.0
Hipacc,SRSSampling,0.08,1.0,1.0
Hipacc,SRSSampling,0.081,1.0,1.0
Hipacc,SRSSampling,0.082,1.0,1.0
Hipacc,SRSSampling,0.083,1.0,1.0
Hipacc,SRSSampling,0.084,1.0,1.0
Hipacc,SRSSampling,0.085,1.0,1.0
Hipacc,SRSSampling,0.086,1.0,1.0
Hipacc,SRSSampling,0.087,1.0,1.0
Hipacc,SRSSampling,0.088,1.0,1.0
Hipacc,SRSSampling,0.089,1.0,1.0
Hipacc,SRSSampling,0.09,1.0,1.0
Hipacc,SRSSampling,0.091,1.0,1.0
Hipacc,SRSSampling,0.092,1.0,1.0
Hipacc,SRSSampling,0.093,1.0,1.0
Hipacc,SRSSampling,0.094,1.0,1.0
Hipacc,SRSSampling,0.095,1.0,1.0
Hipacc,SRSSampling,0.096,1.0,1.0
Hipacc,SRSSampling,0.097,1.0,1.0
Hipacc,SRSSampling,0.098,1.0,1.0
Hipacc,SRSSampling,0.099,1.0,1.0
Hipacc,SRSSampling,0.1,1.0,1.0
Hipacc,SRSSampling,0.101,1.0,1.0
Hipacc,SRSSampling,0.102,1.0,1.0
Hipacc,SRSSampling,0.103,1.0,1.0
Hipacc,SRSSampling,0.104,1.0,1.0
Hipacc,SRSSampling,0.105,1.0,1.0
Hipacc,SRSSampling,0.106,1.0,1.0
Hipacc,SRSSampling,0.107,1.0,1.0
Hipacc,SRSSampling,0.108,1.0,1.0
Hipacc,SRSSampling,0.109,1.0,1.0
Hipacc,SRSSampling,0.11,1.0,1.0
Hipacc,SRSSampling,0.111,1.0,1.0
Hipacc,SRSSampling,0.112,1.0,1.0
Hipacc,SRSSampling,0.113,1.0,1.0
Hipacc,SRSSampling,0.114,1.0,1.0
Hipacc,SRSSampling,0.115,1.0,1.0
Hipacc,SRSSampling,0.116,1.0,1.0
Hipacc,SRSSampling,0.117,1.0,1.0
Hipacc,SRSSampling,0.118,1.0,1.0
Hipacc,SRSSampling,0.119,1.0,1.0
Hipacc,SRSSampling,0.12,1.0,1.0
Hipacc,SRSSampling,0.121,1.0,1.0
Hipacc,SRSSampling,0.122,1.0,1.0
Hipacc,SRSSampling,0.123,1.0,1.0
Hipacc,SRSSampling,0.124,1.0,1.0
Hipacc,SRSSampling,0.125,1.0,1.0
Hipacc,SRSSampling,0.126,1.0,1.0
Hipacc,SRSSampling,0.127,1.0,1.0
Hipacc,SRSSampling,0.128,1.0,1.0
Hipacc,SRSSampling,0.129,1.0,1.0
Hipacc,SRSSampling,0.13,1.0,1.0
Hipacc,SRSSampling,0.131,1.0,1.0
Hipacc,SRSSampling,0.132,1.0,1.0
Hipacc,SRSSampling,0.133,1.0,1.0
Hipacc,SRSSampling,0.134,1.0,1.0
Hipacc,SRSSampling,0.135,1.0,1.0
Hipacc,SRSSampling,0.136,1.0,1.0
Hipacc,SRSSampling,0.137,1.0,1.0
Hipacc,SRSSampling,0.138,1.0,1.0
Hipacc,SRSSampling,0.139,1.0,1.0
Hipacc,SRSSampling,0.14,1.0,1.0
Hipacc,SRSSampling,0.141,1.0,1.0
Hipacc,SRSSampling,0.142,1.0,1.0
Hipacc,SRSSampling,0.143,1.0,1.0
Hipacc,SRSSampling,0.144,1.0,1.0
Hipacc,SRSSampling,0.145,1.0,1.0
Hipacc,SRSSampling,0.146,1.0,1.0
Hipacc,SRSSampling,0.147,1.0,1.0
Hipacc,SRSSampling,0.148,1.0,1.0
Hipacc,SRSSampling,0.149,1.0,1.0
JavaGC,solverBased,0.0,0.0,0.0
JavaGC,solverBased,0.001,0.03,0.37451920716847686
JavaGC,solverBased,0.002,0.03,0.608957587317486
JavaGC,solverBased,0.003,0.04,0.7556404885532322
JavaGC,solverBased,0.004,0.04,0.8473735788858977
JavaGC,solverBased,0.005,0.05,0.9047149272823167
JavaGC,solverBased,0.006,0.05,0.9405414543308168
JavaGC,solverBased,0.007,0.05,0.9629150631053666
JavaGC,solverBased,0.008,0.05,0.9768807234328788
JavaGC,solverBased,0.009,0.05,0.9855939819830233
JavaGC,solverBased,0.01,0.06,0.9910276487659541
JavaGC,solverBased,0.011,0.08,0.994414516681724
JavaGC,solverBased,0.012,0.18,0.9965245822760965
JavaGC,solverBased,0.013,0.3,0.997838552944133
JavaGC,solverBased,0.014,0.31,0.9986563903714056
JavaGC,solverBased,0.015,0.31,0.9991651814256197
JavaGC,solverBased,0.016,0.31,0.9994815568218008
JavaGC,solverBased,0.017,0.32,0.9996781897570058
JavaGC,solverBased,0.018,0.33,0.9998003415146792
JavaGC,solverBased,0.019,0.33,0.9998761875090335
JavaGC,solverBased,0.02,0.33,0.999923258638526
JavaGC,solverBased,0.021,0.33,0.9999524574517773
JavaGC,solverBased,0.022,0.33,0.9999705610107223
JavaGC,solverBased,0.023,0.33,0.9999817799156125
JavaGC,solverBased,0.024,0.33,0.9999887289471634
JavaGC,solverBased,0.025,0.33,0.9999930310914963
JavaGC,solverBased,0.026,0.33,0.999995693238956
JavaGC,solverBased,0.027,0.33,0.9999973397522419
JavaGC,solverBased,0.028,0.33,0.999998357602594
JavaGC,solverBased,0.029,0.33,0.999998986511496
JavaGC,solverBased,0.03,0.33,0.9999993749088203
JavaGC,solverBased,0.031,0.33,0.999999614653484
JavaGC,solverBased,0.032,0.33,0.9999997625661812
JavaGC,solverBased,0.033,0.33,0.9999998537767795
JavaGC,solverBased,0.034,0.33,0.9999999099938285
JavaGC,solverBased,0.035,0.33,0.9999999446254821
JavaGC,solverBased,0.036,0.33,0.999999965949076
JavaGC,solverBased,0.037,0.33,0.9999999790719549
JavaGC,solverBased,0.038,0.33,0.9999999871439135
JavaGC,solverBased,0.039,0.33,0.9999999921065145
JavaGC,solverBased,0.04,0.33,0.9999999951559536
JavaGC,solverBased,0.041,0.33,0.999999997028835
JavaGC,solverBased,0.042,0.33,0.9999999981785227
JavaGC,solverBased,0.043,0.33,0.999999998883911
JavaGC,solverBased,0.044,0.33,0.9999999993164796
JavaGC,solverBased,0.045,0.33,0.99999999958161
JavaGC,solverBased,0.046,0.33,0.9999999997440308
JavaGC,solverBased,0.047,0.33,0.9999999998434798
JavaGC,solverBased,0.048,0.33,0.9999999999043403
JavaGC,solverBased,0.049,0.33,0.9999999999415664
JavaGC,solverBased,0.05,0.33,0.9999999999643244
JavaGC,solverBased,0.051,0.33,0.9999999999782302
JavaGC,solverBased,0.052,0.33,0.9999999999867227
JavaGC,solverBased,0.053,0.33,0.9999999999919065
JavaGC,solverBased,0.054,0.33,0.9999999999950689
JavaGC,solverBased,0.055,0.33,0.9999999999969973
JavaGC,solverBased,0.056,0.33,0.9999999999981725
JavaGC,solverBased,0.057,0.33,0.9999999999988883
JavaGC,solverBased,0.058,0.33,0.9999999999993241
JavaGC,solverBased,0.059,0.33,0.9999999999995893
JavaGC,solverBased,0.06,0.33,0.9999999999997505
JavaGC,solverBased,0.061,0.33,0.9999999999998486
JavaGC,solverBased,0.062,0.33,0.9999999999999082
JavaGC,solverBased,0.063,0.33,0.9999999999999443
JavaGC,solverBased,0.064,0.33,0.9999999999999662
JavaGC,solverBased,0.065,0.33,0.9999999999999796
JavaGC,solverBased,0.066,0.33,0.9999999999999877
JavaGC,solverBased,0.067,0.33,0.9999999999999926
JavaGC,solverBased,0.068,0.33,0.9999999999999954
JavaGC,solverBased,0.069,0.33,0.9999999999999972
JavaGC,solverBased,0.07,0.33,0.9999999999999983
JavaGC,solverBased,0.071,0.33,0.999999999999999
JavaGC,solverBased,0.072,0.33,0.9999999999999994
JavaGC,solverBased,0.073,0.33,0.9999999999999997
JavaGC,solverBased,0.074,0.33,0.9999999999999998
JavaGC,solverBased,0.075,0.33,0.9999999999999999
JavaGC,solverBased,0.076,0.33,0.9999999999999999
JavaGC,solverBased,0.077,0.33,1.0
JavaGC,solverBased,0.078,0.33,1.0
JavaGC,solverBased,0.079,0.33,1.0
JavaGC,solverBased,0.08,0.33,1.0
JavaGC,solverBased,0.081,0.33,1.0
JavaGC,solverBased,0.082,0.33,1.0
JavaGC,solverBased,0.083,0.33,1.0
JavaGC,solverBased,0.084,0.33,1.0
JavaGC,solverBased,0.085,0.33,1.0
JavaGC,solverBased,0.086,0.33,1.0
JavaGC,solverBased,0.087,0.33,1.0
JavaGC,solverBased,0.088,0.33,1.0
JavaGC,solverBased,0.089,0.33,1.0
JavaGC,solverBased,0.09,0.33,1.0
JavaGC,solverBased,0.091,0.33,1.0
JavaGC,solverBased,0.092,0.33,1.0
JavaGC,solverBased,0.093,0.33,1.0
JavaGC,solverBased,0.094,0.33,1.0
JavaGC,solverBased,0.095,0.33,1.0
JavaGC,solverBased,0.096,0.33,1.0
JavaGC,solverBased,0.097,0.33,1.0
JavaGC,solverBased,0.098,0.33,1.0
JavaGC,solverBased,0.099,0.33,1.0
JavaGC,solverBased,0.1,0.33,1.0
JavaGC,solverBased,0.101,0.33,1.0
JavaGC,solverBased,0.102,0.34,1.0
JavaGC,solverBased,0.103,0.34,1.0
JavaGC,solverBased,0.104,0.34,1.0
JavaGC,solverBased,0.105,0.34,1.0
JavaGC,solverBased,0.106,0.34,1.0
JavaGC,solverBased,0.107,0.34,1.0
JavaGC,solverBased,0.108,0.34,1.0
JavaGC,solverBased,0.109,0.34,1.0
JavaGC,solverBased,0.11,0.34,1.0
JavaGC,solverBased,0.111,0.34,1.0
JavaGC,solverBased,0.112,0.35,1.0
JavaGC,solverBased,0.113,0.35,1.0
JavaGC,solverBased,0.114,0.35,1.0
JavaGC,solverBased,0.115,0.35,1.0
JavaGC,solverBased,0.116,0.35,1.0
JavaGC,solverBased,0.117,0.35,1.0
JavaGC,solverBased,0.118,0.35,1.0
JavaGC,solverBased,0.119,0.35,1.0
JavaGC,solverBased,0.12,0.35,1.0
JavaGC,solverBased,0.121,0.35,1.0
JavaGC,solverBased,0.122,0.35,1.0
JavaGC,solverBased,0.123,0.35,1.0
JavaGC,solverBased,0.124,0.35,1.0
JavaGC,solverBased,0.125,0.35,1.0
JavaGC,solverBased,0.126,0.35,1.0
JavaGC,solverBased,0.127,0.35,1.0
JavaGC,solverBased,0.128,0.35,1.0
JavaGC,solverBased,0.129,0.35,1.0
JavaGC,solverBased,0.13,0.35,1.0
JavaGC,solverBased,0.131,0.35,1.0
JavaGC,solverBased,0.132,0.35,1.0
JavaGC,solverBased,0.133,0.35,1.0
JavaGC,solverBased,0.134,0.35,1.0
JavaGC,solverBased,0.135,0.35,1.0
JavaGC,solverBased,0.136,0.35,1.0
JavaGC,solverBased,0.137,0.35,1.0
JavaGC,solverBased,0.138,0.35,1.0
JavaGC,solverBased,0.139,0.35,1.0
JavaGC,solverBased,0.14,0.35,1.0
JavaGC,solverBased,0.141,0.35,1.0
JavaGC,solverBased,0.142,0.35,1.0
JavaGC,solverBased,0.143,0.35,1.0
JavaGC,solverBased,0.144,0.35,1.0
JavaGC,solverBased,0.145,0.35,1.0
JavaGC,solverBased,0.146,0.35,1.0
JavaGC,solverBased,0.147,0.35,1.0
JavaGC,solverBased,0.148,0.35,1.0
JavaGC,solverBased,0.149,0.35,1.0
JavaGC,SRSSampling,0.0,0.0,0.0
JavaGC,SRSSampling,0.001,0.8,0.37451920716847686
JavaGC,SRSSampling,0.002,0.88,0.608957587317486
JavaGC,SRSSampling,0.003,0.94,0.7556404885532322
JavaGC,SRSSampling,0.004,0.96,0.8473735788858977
JavaGC,SRSSampling,0.005,0.97,0.9047149272823167
JavaGC,SRSSampling,0.006,0.99,0.9405414543308168
JavaGC,SRSSampling,0.007,1.0,0.9629150631053666
JavaGC,SRSSampling,0.008,1.0,0.9768807234328788
JavaGC,SRSSampling,0.009,1.0,0.9855939819830233
JavaGC,SRSSampling,0.01,1.0,0.9910276487659541
JavaGC,SRSSampling,0.011,1.0,0.994414516681724
JavaGC,SRSSampling,0.012,1.0,0.9965245822760965
JavaGC,SRSSampling,0.013,1.0,0.997838552944133
JavaGC,SRSSampling,0.014,1.0,0.9986563903714056
JavaGC,SRSSampling,0.015,1.0,0.9991651814256197
JavaGC,SRSSampling,0.016,1.0,0.9994815568218008
JavaGC,SRSSampling,0.017,1.0,0.9996781897570058
JavaGC,SRSSampling,0.018,1.0,0.9998003415146792
JavaGC,SRSSampling,0.019,1.0,0.9998761875090335
JavaGC,SRSSampling,0.02,1.0,0.999923258638526
JavaGC,SRSSampling,0.021,1.0,0.9999524574517773
JavaGC,SRSSampling,0.022,1.0,0.9999705610107223
JavaGC,SRSSampling,0.023,1.0,0.9999817799156125
JavaGC,SRSSampling,0.024,1.0,0.9999887289471634
JavaGC,SRSSampling,0.025,1.0,0.9999930310914963
JavaGC,SRSSampling,0.026,1.0,0.999995693238956
JavaGC,SRSSampling,0.027,1.0,0.9999973397522419
JavaGC,SRSSampling,0.028,1.0,0.999998357602594
JavaGC,SRSSampling,0.029,1.0,0.999998986511496
JavaGC,SRSSampling,0.03,1.0,0.9999993749088203
JavaGC,SRSSampling,0.031,1.0,0.999999614653484
JavaGC,SRSSampling,0.032,1.0,0.9999997625661812
JavaGC,SRSSampling,0.033,1.0,0.9999998537767795
JavaGC,SRSSampling,0.034,1.0,0.9999999099938285
JavaGC,SRSSampling,0.035,1.0,0.9999999446254821
JavaGC,SRSSampling,0.036,1.0,0.999999965949076
JavaGC,SRSSampling,0.037,1.0,0.9999999790719549
JavaGC,SRSSampling,0.038,1.0,0.9999999871439135
JavaGC,SRSSampling,0.039,1.0,0.9999999921065145
JavaGC,SRSSampling,0.04,1.0,0.9999999951559536
JavaGC,SRSSampling,0.041,1.0,0.999999997028835
JavaGC,SRSSampling,0.042,1.0,0.9999999981785227
JavaGC,SRSSampling,0.043,1.0,0.999999998883911
JavaGC,SRSSampling,0.044,1.0,0.9999999993164796
JavaGC,SRSSampling,0.045,1.0,0.99999999958161
JavaGC,SRSSampling,0.046,1.0,0.9999999997440308
JavaGC,SRSSampling,0.047,1.0,0.9999999998434798
JavaGC,SRSSampling,0.048,1.0,0.9999999999043403
JavaGC,SRSSampling,0.049,1.0,0.9999999999415664
JavaGC,SRSSampling,0.05,1.0,0.9999999999643244
JavaGC,SRSSampling,0.051,1.0,0.9999999999782302
JavaGC,SRSSampling,0.052,1.0,0.9999999999867227
JavaGC,SRSSampling,0.053,1.0,0.9999999999919065
JavaGC,SRSSampling,0.054,1.0,0.9999999999950689
JavaGC,SRSSampling,0.055,1.0,0.9999999999969973
JavaGC,SRSSampling,0.056,1.0,0.9999999999981725
JavaGC,SRSSampling,0.057,1.0,0.9999999999988883
JavaGC,SRSSampling,0.058,1.0,0.9999999999993241
JavaGC,SRSSampling,0.059,1.0,0.9999999999995893
JavaGC,SRSSampling,0.06,1.0,0.9999999999997505
JavaGC,SRSSampling,0.061,1.0,0.9999999999998486
JavaGC,SRSSampling,0.062,1.0,0.9999999999999082
JavaGC,SRSSampling,0.063,1.0,0.9999999999999443
JavaGC,SRSSampling,0.064,1.0,0.9999999999999662
JavaGC,SRSSampling,0.065,1.0,0.9999999999999796
JavaGC,SRSSampling,0.066,1.0,0.9999999999999877
JavaGC,SRSSampling,0.067,1.0,0.9999999999999926
JavaGC,SRSSampling,0.068,1.0,0.9999999999999954
JavaGC,SRSSampling,0.069,1.0,0.9999999999999972
JavaGC,SRSSampling,0.07,1.0,0.9999999999999983
JavaGC,SRSSampling,0.071,1.0,0.999999999999999
JavaGC,SRSSampling,0.072,1.0,0.9999999999999994
JavaGC,SRSSampling,0.073,1.0,0.9999999999999997
JavaGC,SRSSampling,0.074,1.0,0.9999999999999998
JavaGC,SRSSampling,0.075,1.0,0.9999999999999999
JavaGC,SRSSampling,0.076,1.0,0.9999999999999999
JavaGC,SRSSampling,0.077,1.0,1.0
JavaGC,SRSSampling,0.078,1.0,1.0
JavaGC,SRSSampling,0.079,1.0,1.0
JavaGC,SRSSampling,0.08,1.0,1.0
JavaGC,SRSSampling,0.081,1.0,1.0
JavaGC,SRSSampling,0.082,1.0,1.0
JavaGC,SRSSampling,0.083,1.0,1.0
JavaGC,SRSSampling,0.084,1.0,1.0
JavaGC,SRSSampling,0.085,1.0,1.0
JavaGC,SRSSampling,0.086,1.0,1.0
JavaGC,SRSSampling,0.087,1.0,1.0
JavaGC,SRSSampling,0.088,1.0,1.0
JavaGC,SRSSampling,0.089,1.0,1.0
JavaGC,SRSSampling,0.09,1.0,1.0
JavaGC,SRSSampling,0.091,1.0,1.0
JavaGC,SRSSampling,0.092,1.0,1.0
JavaGC,SRSSampling,0.093,1.0,1.0
JavaGC,SRSSampling,0.094,1.0,1.0
JavaGC,SRSSampling,0.095,1.0,1.0
JavaGC,SRSSampling,0.096,1.0,1.0
JavaGC,SRSSampling,0.097,1.0,1.0
JavaGC,SRSSampling,0.098,1.0,1.0
JavaGC,SRSSampling,0.099,1.0,1.0
JavaGC,SRSSampling,0.1,1.0,1.0
JavaGC,SRSSampling,0.101,1.0,1.0
JavaGC,SRSSampling,0.102,1.0,1.0
JavaGC,SRSSampling,0.103,1.0,1.0
JavaGC,SRSSampling,0.104,1.0,1.0
JavaGC,SRSSampling,0.105,1.0,1.0
JavaGC,SRSSampling,0.106,1.0,1.0
JavaGC,SRSSampling,0.107,1.0,1.0
JavaGC,SRSSampling,0.108,1.0,1.0
JavaGC,SRSSampling,0.109,1.0,1.0
JavaGC,SRSSampling,0.11,1.0,1.0
JavaGC,SRSSampling,0.111,1.0,1.0
JavaGC,SRSSampling,0.112,1.0,1.0
JavaGC,SRSSampling,0.113,1.0,1.0
JavaGC,SRSSampling,0.114,1.0,1.0
JavaGC,SRSSampling,0.115,1.0,1.0
JavaGC,SRSSampling,0.116,1.0,1.0
JavaGC,SRSSampling,0.117,1.0,1.0
JavaGC,SRSSampling,0.118,1.0,1.0
JavaGC,SRSSampling,0.119,1.0,1.0
JavaGC,SRSSampling,0.12,1.0,1.0
JavaGC,SRSSampling,0.121,1.0,1.0
JavaGC,SRSSampling,0.122,1.0,1.0
JavaGC,SRSSampling,0.123,1.0,1.0
JavaGC,SRSSampling,0.124,1.0,1.0
JavaGC,SRSSampling,0.125,1.0,1.0
JavaGC,SRSSampling,0.126,1.0,1.0
JavaGC,SRSSampling,0.127,1.0,1.0
JavaGC,SRSSampling,0.128,1.0,1.0
JavaGC,SRSSampling,0.129,1.0,1.0
JavaGC,SRSSampling,0.13,1.0,1.0
JavaGC,SRSSampling,0.131,1.0,1.0
JavaGC,SRSSampling,0.132,1.0,1.0
JavaGC,SRSSampling,0.133,1.0,1.0
JavaGC,SRSSampling,0.134,1.0,1.0
JavaGC,SRSSampling,0.135,1.0,1.0
JavaGC,SRSSampling,0.136,1.0,1.0
JavaGC,SRSSampling,0.137,1.0,1.0
JavaGC,SRSSampling,0.138,1.0,1.0
JavaGC,SRSSampling,0.139,1.0,1.0
JavaGC,SRSSampling,0.14,1.0,1.0
JavaGC,SRSSampling,0.141,1.0,1.0
JavaGC,SRSSampling,0.142,1.0,1.0
JavaGC,SRSSampling,0.143,1.0,1.0
JavaGC,SRSSampling,0.144,1.0,1.0
JavaGC,SRSSampling,0.145,1.0,1.0
JavaGC,SRSSampling,0.146,1.0,1.0
JavaGC,SRSSampling,0.147,1.0,1.0
JavaGC,SRSSampling,0.148,1.0,1.0
JavaGC,SRSSampling,0.149,1.0,1.0
LLVM,solverBased,0.0,0.0,0.0
LLVM,solverBased,0.001,0.02,0.05543286914108059
LLVM,solverBased,0.002,0.02,0.10784389153836693
LLVM,solverBased,0.003,0.08,0.15739501577016735
LLVM,solverBased,0.004,0.08,0.20423966062558296
LLVM,solverBased,0.005,0.08,0.24852315647914125
LLVM,solverBased,0.006,0.41,0.29038316423538546
LLVM,solverBased,0.007,0.41,0.3299500729624607
LLVM,solverBased,0.008,0.45,0.3673473772789514
LLVM,solverBased,0.009,0.83,0.40269203550606547
LLVM,solverBased,0.01,0.83,0.4360948095476125
LLVM,solverBased,0.011,0.83,0.46766058741296246
LLVM,solverBased,0.012,0.83,0.4974886892531869
LLVM,solverBased,0.013,0.83,0.5256731577377702
LLVM,solverBased,0.014,0.83,0.5523030335585304
LLVM,solverBased,0.015,0.83,0.5774626168086094
LLVM,solverBased,0.016,0.83,0.6012317149474874
LLVM,solverBased,0.017,0.83,0.6236858780278574
LLVM,solverBased,0.018,0.83,0.6448966218267833
LLVM,solverBased,0.019,0.83,0.664931639491765
LLVM,solverBased,0.02,0.84,0.6838550022820844
LLVM,solverBased,0.021,0.84,0.7017273499570261
LLVM,solverBased,0.022,0.84,0.7186060713351821
LLVM,solverBased,0.023,0.84,0.7345454755230036
LLVM,solverBased,0.024,0.84,0.7495969542859857
LLVM,solverBased,0.025,0.84,0.7638091360122992
LLVM,solverBased,0.026,0.84,0.7772280316962672
LLVM,solverBased,0.027,0.84,0.7898971733477622
LLVM,solverBased,0.028,0.84,0.8018577452133202
LLVM,solverBased,0.029,0.84,0.813148708175482
LLVM,solverBased,0.03,0.84,0.823806917678537
LLVM,solverBased,0.031,0.85,0.8338672355113987
LLVM,solverBased,0.032,0.85,0.8433626357617647
LLVM,solverBased,0.033,0.85,0.8523243052399447
LLVM,solverBased,0.034,0.85,0.8607817386557485
LLVM,solverBased,0.035,0.85,0.8687628288175773
LLVM,solverBased,0.036,0.85,0.8762939521093105
LLVM,solverBased,0.037,0.85,0.883400049487701
LLVM,solverBased,0.038,0.85,0.8901047032307502
LLVM,solverBased,0.039,0.85,0.8964302096558958
LLVM,solverBased,0.04,0.86,0.9023976480157871
LLVM,solverBased,0.041,0.86,0.9080269457689044
LLVM,solverBased,0.042,0.9,0.9133369404122982
LLVM,solverBased,0.043,0.9,0.9183454380542193
LLVM,solverBased,0.044,0.9,0.923069268895398
LLVM,solverBased,0.045,0.9,0.9275243397791512
LLVM,solverBased,0.046,0.9,0.9317256839623548
LLVM,solverBased,0.047,0.9,0.9356875082515779
LLVM,solverBased,0.048,0.9,0.9394232376413221
LLVM,solverBased,0.049,0.9,0.9429455575843265
LLVM,solverBased,0.05,0.9,0.9462664540172597
LLVM,solverBased,0.051,0.9,0.9493972512588196
LLVM,solverBased,0.052,0.9,0.9523486478912745
LLVM,solverBased,0.053,0.9,0.95513075073079
LLVM,solverBased,0.054,0.91,0.9577531069864884
LLVM,solverBased,0.055,0.91,0.9602247347030548
LLVM,solverBased,0.056,0.91,0.9625541515768361
LLVM,solverBased,0.057,0.91,0.96474940223075
LLVM,solverBased,0.058,0.91,0.9668180840289334
LLVM,solverBased,0.059,0.91,0.968767371507884
LLVM,solverBased,0.06,0.91,0.970604039496894
LLVM,solverBased,0.061,0.91,0.9723344849968113
LLVM,solverBased,0.062,0.91,0.9739647478826015
LLVM,solverBased,0.063,0.91,0.9755005304917836
LLVM,solverBased,0.064,0.91,0.976947216157617
LLVM,solverBased,0.065,0.91,0.978309886742838
LLVM,solverBased,0.066,0.91,0.9795933392268759
LLVM,solverBased,0.067,0.91,0.9808021013967034
LLVM,solverBased,0.068,0.91,0.9819404466888871
LLVM,solverBased,0.069,0.92,0.9830124082279109
LLVM,solverBased,0.07,0.92,0.9840217921035103
LLVM,solverBased,0.071,0.92,0.9849721899275118
LLVM,solverBased,0.072,0.92,0.9858669907085706
LLVM,solverBased,0.073,0.92,0.9867093920811773
LLVM,solverBased,0.074,0.92,0.9875024109234143
LLVM,solverBased,0.075,0.92,0.9882488933961276
LLVM,solverBased,0.076,0.93,0.9889515244344677
LLVM,solverBased,0.077,0.93,0.98961283672113
LLVM,solverBased,0.078,0.93,0.9902352191690835
LLVM,solverBased,0.079,0.93,0.9908209249401108
LLVM,solverBased,0.08,0.93,0.9913720790241
LLVM,solverBased,0.081,0.93,0.991890685402712
LLVM,solverBased,0.082,0.93,0.992378633819801
LLVM,solverBased,0.083,0.93,0.9928377061797802
LLVM,solverBased,0.084,0.93,0.9932695825940103
LLVM,solverBased,0.085,0.93,0.9936758470942166
LLVM,solverBased,0.086,0.93,0.9940579930309422
LLVM,solverBased,0.087,0.94,0.9944174281740805
LLVM,solverBased,0.088,0.94,0.9947554795316327
LLVM,solverBased,0.089,0.94,0.995073397901971
LLVM,solverBased,0.09,0.94,0.99537236217408
LLVM,solverBased,0.091,0.94,0.9956534833894723
LLVM,solverBased,0.092,0.94,0.9959178085787497
LLVM,solverBased,0.093,0.94,0.9961663243850819
LLVM,solverBased,0.094,0.94,0.996399960486226
LLVM,solverBased,0.095,0.94,0.9966195928260807
LLVM,solverBased,0.096,0.94,0.9968260466661849
LLVM,solverBased,0.097,0.94,0.9970200994670114
LLVM,solverBased,0.098,0.94,0.9972024836083758
LLVM,solverBased,0.099,0.94,0.9973738889577807
LLVM,solverBased,0.1,0.94,0.9975349652950419
LLVM,solverBased,0.101,0.94,0.9976863246010915
LLVM,solverBased,0.102,0.94,0.9978285432184285
LLVM,solverBased,0.103,0.94,0.9979621638902846
LLVM,solverBased,0.104,0.94,0.9980876976851889
LLVM,solverBased,0.105,0.94,0.9982056258132574
LLVM,solverBased,0.106,0.94,0.9983164013401848
LLVM,solverBased,0.107,0.96,0.9984204508045995
LLVM,solverBased,0.108,0.96,0.9985181757441277
LLVM,solverBased,0.109,0.96,0.9986099541352289
LLVM,solverBased,0.11,0.96,0.9986961417515844
LLVM,solverBased,0.111,0.96,0.9987770734455637
LLVM,solverBased,0.112,0.96,0.9988530643570448
LLVM,solverBased,0.113,0.96,0.9989244110536329
LLVM,solverBased,0.114,0.96,0.9989913926060983
LLVM,solverBased,0.115,0.96,0.9990542716026491
LLVM,solverBased,0.116,0.96,0.9991132951054538
LLVM,solverBased,0.117,0.96,0.9991686955526402
LLVM,solverBased,0.118,0.96,0.9992206916088264
LLVM,solverBased,0.119,0.96,0.9992694889670627
LLVM,solverBased,0.12,0.96,0.999315281104913
LLVM,solverBased,0.121,0.96,0.9993582499972493
LLVM,solverBased,0.122,0.96,0.9993985667881935
LLVM,solverBased,0.123,0.96,0.9994363924245043
LLVM,solverBased,0.124,0.96,0.9994718782525823
LLVM,solverBased,0.125,0.96,0.9995051665811442
LLVM,solverBased,0.126,0.96,0.9995363912115061
LLVM,solverBased,0.127,0.96,0.9995656779373041
LLVM,solverBased,0.128,0.96,0.999593145015385
LLVM,solverBased,0.129,0.96,0.9996189036094971
LLVM,solverBased,0.13,0.96,0.9996430582083258
LLVM,solverBased,0.131,0.96,0.9996657070193291
LLVM,solverBased,0.132,0.97,0.9996869423397509
LLVM,solverBased,0.133,0.98,0.9997068509061068
LLVM,solverBased,0.134,0.98,0.9997255142233729
LLVM,solverBased,0.135,0.98,0.9997430088750322
LLVM,solverBased,0.136,0.98,0.9997594068150734
LLVM,solverBased,0.137,0.99,0.9997747756429713
LLVM,solverBased,0.138,0.99,0.999789178862626
LLVM,solverBased,0.139,0.99,0.9998026761261762
LLVM,solverBased,0.14,0.99,0.9998153234635571
LLVM,solverBased,0.141,0.99,0.9998271734986188
LLVM,solverBased,0.142,0.99,0.9998382756525807
LLVM,solverBased,0.143,0.99,0.9998486763355464
LLVM,solverBased,0.144,0.99,0.9998584191267721
LLVM,solverBased,0.145,0.99,0.999867544944332
LLVM,solverBased,0.146,0.99,0.9998760922047975
LLVM,solverBased,0.147,0.99,0.9998840969735029
LLVM,solverBased,0.148,0.99,0.9998915931059476
LLVM,solverBased,0.149,0.99,0.9998986123808424
LLVM,SRSSampling,0.0,0.0,0.0
LLVM,SRSSampling,0.001,0.38,0.05543286914108059
LLVM,SRSSampling,0.002,0.41,0.10784389153836693
LLVM,SRSSampling,0.003,0.51,0.15739501577016735
LLVM,SRSSampling,0.004,0.56,0.20423966062558296
LLVM,SRSSampling,0.005,0.61,0.24852315647914125
LLVM,SRSSampling,0.006,0.63,0.29038316423538546
LLVM,SRSSampling,0.007,0.66,0.3299500729624607
LLVM,SRSSampling,0.008,0.68,0.3673473772789514
LLVM,SRSSampling,0.009,0.7,0.40269203550606547
LLVM,SRSSampling,0.01,0.74,0.4360948095476125
LLVM,SRSSampling,0.011,0.79,0.46766058741296246
LLVM,SRSSampling,0.012,0.82,0.4974886892531869
LLVM,SRSSampling,0.013,0.83,0.5256731577377702
LLVM,SRSSampling,0.014,0.85,0.5523030335585304
LLVM,SRSSampling,0.015,0.9,0.5774626168086094
LLVM,SRSSampling,0.016,0.93,0.6012317149474874
LLVM,SRSSampling,0.017,0.94,0.6236858780278574
LLVM,SRSSampling,0.018,0.94,0.6448966218267833
LLVM,SRSSampling,0.019,0.95,0.664931639491765
LLVM,SRSSampling,0.02,0.95,0.6838550022820844
LLVM,SRSSampling,0.021,0.95,0.7017273499570261
LLVM,SRSSampling,0.022,0.96,0.7186060713351821
LLVM,SRSSampling,0.023,0.97,0.7345454755230036
LLVM,SRSSampling,0.024,0.97,0.7495969542859857
LLVM,SRSSampling,0.025,1.0,0.7638091360122992
LLVM,SRSSampling,0.026,1.0,0.7772280316962672
LLVM,SRSSampling,0.027,1.0,0.7898971733477622
LLVM,SRSSampling,0.028,1.0,0.8018577452133202
LLVM,SRSSampling,0.029,1.0,0.813148708175482
LLVM,SRSSampling,0.03,1.0,0.823806917678537
LLVM,SRSSampling,0.031,1.0,0.8338672355113987
LLVM,SRSSampling,0.032,1.0,0.8433626357617647
LLVM,SRSSampling,0.033,1.0,0.8523243052399447
LLVM,SRSSampling,0.034,1.0,0.8607817386557485
LLVM,SRSSampling,0.035,1.0,0.8687628288175773
LLVM,SRSSampling,0.036,1.0,0.8762939521093105
LLVM,SRSSampling,0.037,1.0,0.883400049487701
LLVM,SRSSampling,0.038,1.0,0.8901047032307502
LLVM,SRSSampling,0.039,1.0,0.8964302096558958
LLVM,SRSSampling,0.04,1.0,0.9023976480157871
LLVM,SRSSampling,0.041,1.0,0.9080269457689044
LLVM,SRSSampling,0.042,1.0,0.9133369404122982
LLVM,SRSSampling,0.043,1.0,0.9183454380542193
LLVM,SRSSampling,0.044,1.0,0.923069268895398
LLVM,SRSSampling,0.045,1.0,0.9275243397791512
LLVM,SRSSampling,0.046,1.0,0.9317256839623548
LLVM,SRSSampling,0.047,1.0,0.9356875082515779
LLVM,SRSSampling,0.048,1.0,0.9394232376413221
LLVM,SRSSampling,0.049,1.0,0.9429455575843265
LLVM,SRSSampling,0.05,1.0,0.9462664540172597
LLVM,SRSSampling,0.051,1.0,0.9493972512588196
LLVM,SRSSampling,0.052,1.0,0.9523486478912745
LLVM,SRSSampling,0.053,1.0,0.95513075073079
LLVM,SRSSampling,0.054,1.0,0.9577531069864884
LLVM,SRSSampling,0.055,1.0,0.9602247347030548
LLVM,SRSSampling,0.056,1.0,0.9625541515768361
LLVM,SRSSampling,0.057,1.0,0.96474940223075
LLVM,SRSSampling,0.058,1.0,0.9668180840289334
LLVM,SRSSampling,0.059,1.0,0.968767371507884
LLVM,SRSSampling,0.06,1.0,0.970604039496894
LLVM,SRSSampling,0.061,1.0,0.9723344849968113
LLVM,SRSSampling,0.062,1.0,0.9739647478826015
LLVM,SRSSampling,0.063,1.0,0.9755005304917836
LLVM,SRSSampling,0.064,1.0,0.976947216157617
LLVM,SRSSampling,0.065,1.0,0.978309886742838
LLVM,SRSSampling,0.066,1.0,0.9795933392268759
LLVM,SRSSampling,0.067,1.0,0.9808021013967034
LLVM,SRSSampling,0.068,1.0,0.9819404466888871
LLVM,SRSSampling,0.069,1.0,0.9830124082279109
LLVM,SRSSampling,0.07,1.0,0.9840217921035103
LLVM,SRSSampling,0.071,1.0,0.9849721899275118
LLVM,SRSSampling,0.072,1.0,0.9858669907085706
LLVM,SRSSampling,0.073,1.0,0.9867093920811773
LLVM,SRSSampling,0.074,1.0,0.9875024109234143
LLVM,SRSSampling,0.075,1.0,0.9882488933961276
LLVM,SRSSampling,0.076,1.0,0.9889515244344677
LLVM,SRSSampling,0.077,1.0,0.98961283672113
LLVM,SRSSampling,0.078,1.0,0.9902352191690835
LLVM,SRSSampling,0.079,1.0,0.9908209249401108
LLVM,SRSSampling,0.08,1.0,0.9913720790241
LLVM,SRSSampling,0.081,1.0,0.991890685402712
LLVM,SRSSampling,0.082,1.0,0.992378633819801
LLVM,SRSSampling,0.083,1.0,0.9928377061797802
LLVM,SRSSampling,0.084,1.0,0.9932695825940103
LLVM,SRSSampling,0.085,1.0,0.9936758470942166
LLVM,SRSSampling,0.086,1.0,0.9940579930309422
LLVM,SRSSampling,0.087,1.0,0.9944174281740805
LLVM,SRSSampling,0.088,1.0,0.9947554795316327
LLVM,SRSSampling,0.089,1.0,0.995073397901971
LLVM,SRSSampling,0.09,1.0,0.99537236217408
LLVM,SRSSampling,0.091,1.0,0.9956534833894723
LLVM,SRSSampling,0.092,1.0,0.9959178085787497
LLVM,SRSSampling,0.093,1.0,0.9961663243850819
LLVM,SRSSampling,0.094,1.0,0.996399960486226
LLVM,SRSSampling,0.095,1.0,0.9966195928260807
LLVM,SRSSampling,0.096,1.0,0.9968260466661849
LLVM,SRSSampling,0.097,1.0,0.9970200994670114
LLVM,SRSSampling,0.098,1.0,0.9972024836083758
LLVM,SRSSampling,0.099,1.0,0.9973738889577807
LLVM,SRSSampling,0.1,1.0,0.9975349652950419
LLVM,SRSSampling,0.101,1.0,0.9976863246010915
LLVM,SRSSampling,0.102,1.0,0.9978285432184285
LLVM,SRSSampling,0.103,1.0,0.9979621638902846
LLVM,SRSSampling,0.104,1.0,0.9980876976851889
LLVM,SRSSampling,0.105,1.0,0.9982056258132574
LLVM,SRSSampling,0.106,1.0,0.9983164013401848
LLVM,SRSSampling,0.107,1.0,0.9984204508045995
LLVM,SRSSampling,0.108,1.0,0.9985181757441277
LLVM,SRSSampling,0.109,1.0,0.9986099541352289
LLVM,SRSSampling,0.11,1.0,0.9986961417515844
LLVM,SRSSampling,0.111,1.0,0.9987770734455637
LLVM,SRSSampling,0.112,1.0,0.9988530643570448
LLVM,SRSSampling,0.113,1.0,0.9989244110536329
LLVM,SRSSampling,0.114,1.0,0.9989913926060983
LLVM,SRSSampling,0.115,1.0,0.9990542716026491
LLVM,SRSSampling,0.116,1.0,0.9991132951054538
LLVM,SRSSampling,0.117,1.0,0.9991686955526402
LLVM,SRSSampling,0.118,1.0,0.9992206916088264
LLVM,SRSSampling,0.119,1.0,0.9992694889670627
LLVM,SRSSampling,0.12,1.0,0.999315281104913
LLVM,SRSSampling,0.121,1.0,0.9993582499972493
LLVM,SRSSampling,0.122,1.0,0.9993985667881935
LLVM,SRSSampling,0.123,1.0,0.9994363924245043
LLVM,SRSSampling,0.124,1.0,0.9994718782525823
LLVM,SRSSampling,0.125,1.0,0.9995051665811442
LLVM,SRSSampling,0.126,1.0,0.9995363912115061
LLVM,SRSSampling,0.127,1.0,0.9995656779373041
LLVM,SRSSampling,0.128,1.0,0.999593145015385
LLVM,SRSSampling,0.129,1.0,0.9996189036094971
LLVM,SRSSampling,0.13,1.0,0.9996430582083258
LLVM,SRSSampling,0.131,1.0,0.9996657070193291
LLVM,SRSSampling,0.132,1.0,0.9996869423397509
LLVM,SRSSampling,0.133,1.0,0.9997068509061068
LLVM,SRSSampling,0.134,1.0,0.9997255142233729
LLVM,SRSSampling,0.135,1.0,0.9997430088750322
LLVM,SRSSampling,0.136,1.0,0.9997594068150734
LLVM,SRSSampling,0.137,1.0,0.9997747756429713
LLVM,SRSSampling,0.138,1.0,0.999789178862626
LLVM,SRSSampling,0.139,1.0,0.9998026761261762
LLVM,SRSSampling,0.14,1.0,0.9998153234635571
LLVM,SRSSampling,0.141,1.0,0.9998271734986188
LLVM,SRSSampling,0.142,1.0,0.9998382756525807
LLVM,SRSSampling,0.143,1.0,0.9998486763355464
LLVM,SRSSampling,0.144,1.0,0.9998584191267721
LLVM,SRSSampling,0.145,1.0,0.999867544944332
LLVM,SRSSampling,0.146,1.0,0.9998760922047975
LLVM,SRSSampling,0.147,1.0,0.9998840969735029
LLVM,SRSSampling,0.148,1.0,0.9998915931059476
LLVM,SRSSampling,0.149,1.0,0.9998986123808424
Polly,solverBased,0.0,0.0,0.0
Polly,solverBased,0.001,0.1,0.2926099836136994
Polly,solverBased,0.002,0.74,0.49977282015141433
Polly,solverBased,0.003,0.82,0.646389806556822
Polly,solverBased,0.004,0.86,0.7501202316865457
Polly,solverBased,0.005,0.89,0.8234832437662394
Polly,solverBased,0.006,0.92,0.8753509418060001
Polly,solverBased,0.007,0.95,0.9120086502991631
Polly,solverBased,0.008,0.96,0.9379075830157687
Polly,solverBased,0.009,0.97,0.9561989570239027
Polly,solverBased,0.01,0.97,0.9691128860185697
Polly,solverBased,0.011,0.99,0.9782270691824888
Polly,solverBased,0.012,0.99,0.9846572634683183
Polly,solverBased,0.013,1.0,0.9891922616099919
Polly,solverBased,0.014,1.0,0.9923895108758763
Polly,solverBased,0.015,1.0,0.9946428260028501
Polly,solverBased,0.016,1.0,0.9962303237168211
Polly,solverBased,0.017,1.0,0.9973483440753175
Polly,solverBased,0.018,1.0,0.998135446821518
Polly,solverBased,0.019,1.0,0.9986893807167971
Polly,solverBased,0.02,1.0,0.9990790793961283
Polly,solverBased,0.021,1.0,0.9993531384100663
Polly,solverBased,0.022,1.0,0.9995458035279756
Polly,solverBased,0.023,1.0,0.9996811994612175
Polly,solverBased,0.024,1.0,0.9997763149738473
Polly,solverBased,0.025,1.0,0.9998431093610556
Polly,solverBased,0.026,1.0,0.9998899983802744
Polly,solverBased,0.027,1.0,0.9999229020673368
Polly,solverBased,0.028,1.0,0.9999459833477807
Polly,solverBased,0.029,1.0,0.9999621685011344
Polly,solverBased,0.03,1.0,0.9999735137754838
Polly,solverBased,0.031,1.0,0.9999814635373871
Polly,solverBased,0.032,1.0,0.9999870319812819
Polly,solverBased,0.033,1.0,0.9999909309868271
Polly,solverBased,0.034,1.0,0.9999936600513587
Polly,solverBased,0.035,1.0,0.9999955695237078
Polly,solverBased,0.036,1.0,0.9999969050493362
Polly,solverBased,0.037,1.0,0.999997838798078
Polly,solverBased,0.038,1.0,0.9999984913971457
Polly,solverBased,0.039,1.0,0.9999989473302735
Polly,solverBased,0.04,1.0,0.9999992657454749
Polly,solverBased,0.041,1.0,0.9999994880375827
Polly,solverBased,0.042,1.0,0.9999996431660716
Polly,solverBased,0.043,1.0,0.9999997513832009
Polly,solverBased,0.044,1.0,0.9999998268467181
Polly,solverBased,0.045,1.0,0.9999998794501795
Polly,solverBased,0.046,1.0,0.9999999161046969
Polly,solverBased,0.047,1.0,0.9999999416361919
Polly,solverBased,0.048,1.0,0.9999999594132627
Polly,solverBased,0.049,1.0,0.9999999717863769
Polly,solverBased,0.05,1.0,0.9999999803949736
Polly,solverBased,0.051,1.0,0.9999999863821201
Polly,solverBased,0.052,1.0,0.9999999905444952
Polly,solverBased,0.053,1.0,0.9999999934371461
Polly,solverBased,0.054,1.0,0.9999999954466273
Polly,solverBased,0.055,1.0,0.9999999968420464
Polly,solverBased,0.056,1.0,0.9999999978106761
Polly,solverBased,0.057,1.0,0.9999999984827901
Polly,solverBased,0.058,1.0,0.9999999989489766
Polly,solverBased,0.059,1.0,0.999999999272204
Polly,solverBased,0.06,1.0,0.9999999994962242
Polly,solverBased,0.061,1.0,0.999999999651426
Polly,solverBased,0.062,1.0,0.9999999997589084
Polly,solverBased,0.063,1.0,0.9999999998333142
Polly,solverBased,0.064,1.0,0.9999999998848024
Polly,solverBased,0.065,1.0,0.9999999999204175
Polly,solverBased,0.066,1.0,0.9999999999450435
Polly,solverBased,0.067,1.0,0.9999999999620642
Polly,solverBased,0.068,1.0,0.9999999999738238
Polly,solverBased,0.069,1.0,0.9999999999819453
Polly,solverBased,0.07,1.0,0.999999999987552
Polly,solverBased,0.071,1.0,0.999999999991421
Polly,solverBased,0.072,1.0,0.9999999999940898
Polly,solverBased,0.073,1.0,0.99999999999593
Polly,solverBased,0.074,1.0,0.9999999999971985
Polly,solverBased,0.075,1.0,0.9999999999980723
Polly,solverBased,0.076,1.0,0.9999999999986742
Polly,solverBased,0.077,1.0,0.9999999999990884
Polly,solverBased,0.078,1.0,0.9999999999993735
Polly,solverBased,0.079,1.0,0.9999999999995697
Polly,solverBased,0.08,1.0,0.9999999999997045
Polly,solverBased,0.081,1.0,0.9999999999997972
Polly,solverBased,0.082,1.0,0.9999999999998608
Polly,solverBased,0.083,1.0,0.9999999999999045
Polly,solverBased,0.084,1.0,0.9999999999999346
Polly,solverBased,0.085,1.0,0.9999999999999551
Polly,solverBased,0.086,1.0,0.9999999999999692
Polly,solverBased,0.087,1.0,0.999999999999979
Polly,solverBased,0.088,1.0,0.9999999999999856
Polly,solverBased,0.089,1.0,0.9999999999999901
Polly,solverBased,0.09,1.0,0.9999999999999932
Polly,solverBased,0.091,1.0,0.9999999999999954
Polly,solverBased,0.092,1.0,0.9999999999999969
Polly,solverBased,0.093,1.0,0.9999999999999979
Polly,solverBased,0.094,1.0,0.9999999999999986
Polly,solverBased,0.095,1.0,0.999999999999999
Polly,solverBased,0.096,1.0,0.9999999999999993
Polly,solverBased,0.097,1.0,0.9999999999999996
Polly,solverBased,0.098,1.0,0.9999999999999997
Polly,solverBased,0.099,1.0,0.9999999999999998
Polly,solverBased,0.1,1.0,0.9999999999999999
Polly,solverBased,0.101,1.0,0.9999999999999999
Polly,solverBased,0.102,1.0,0.9999999999999999
Polly,solverBased,0.103,1.0,1.0
Polly,solverBased,0.104,1.0,1.0
Polly,solverBased,0.105,1.0,1.0
Polly,solverBased,0.106,1.0,1.0
Polly,solverBased,0.107,1.0,1.0
Polly,solverBased,0.108,1.0,1.0
Polly,solverBased,0.109,1.0,1.0
Polly,solverBased,0.11,1.0,1.0
Polly,solverBased,0.111,1.0,1.0
Polly,solverBased,0.112,1.0,1.0
Polly,solverBased,0.113,1.0,1.0
Polly,solverBased,0.114,1.0,1.0
Polly,solverBased,0.115,1.0,1.0
Polly,solverBased,0.116,1.0,1.0
Polly,solverBased,0.117,1.0,1.0
Polly,solverBased,0.118,1.0,1.0
Polly,solverBased,0.119,1.0,1.0
Polly,solverBased,0.12,1.0,1.0
Polly,solverBased,0.121,1.0,1.0
Polly,solverBased,0.122,1.0,1.0
Polly,solverBased,0.123,1.0,1.0
Polly,solverBased,0.124,1.0,1.0
Polly,solverBased,0.125,1.0,1.0
Polly,solverBased,0.126,1.0,1.0
Polly,solverBased,0.127,1.0,1.0
Polly,solverBased,0.128,1.0,1.0
Polly,solverBased,0.129,1.0,1.0
Polly,solverBased,0.13,1.0,1.0
Polly,solverBased,0.131,1.0,1.0
Polly,solverBased,0.132,1.0,1.0
Polly,solverBased,0.133,1.0,1.0
Polly,solverBased,0.134,1.0,1.0
Polly,solverBased,0.135,1.0,1.0
Polly,solverBased,0.136,1.0,1.0
Polly,solverBased,0.137,1.0,1.0
Polly,solverBased,0.138,1.0,1.0
Polly,solverBased,0.139,1.0,1.0
Polly,solverBased,0.14,1.0,1.0
Polly,solverBased,0.141,1.0,1.0
Polly,solverBased,0.142,1.0,1.0
Polly,solverBased,0.143,1.0,1.0
Polly,solverBased,0.144,1.0,1.0
Polly,solverBased,0.145,1.0,1.0
Polly,solverBased,0.146,1.0,1.0
Polly,solverBased,0.147,1.0,1.0
Polly,solverBased,0.148,1.0,1.0
Polly,solverBased,0.149,1.0,1.0
Polly,SRSSampling,0.0,0.0,0.0
Polly,SRSSampling,0.001,0.35,0.2926099836136994
Polly,SRSSampling,0.002,0.52,0.49977282015141433
Polly,SRSSampling,0.003,0.71,0.646389806556822
Polly,SRSSampling,0.004,0.78,0.7501202316865457
Polly,SRSSampling,0.005,0.81,0.8234832437662394
Polly,SRSSampling,0.006,0.85,0.8753509418060001
Polly,SRSSampling,0.007,0.89,0.9120086502991631
Polly,SRSSampling,0.008,0.93,0.9379075830157687
Polly,SRSSampling,0.009,0.97,0.9561989570239027
Polly,SRSSampling,0.01,0.97,0.9691128860185697
Polly,SRSSampling,0.011,0.97,0.9782270691824888
Polly,SRSSampling,0.012,0.99,0.9846572634683183
Polly,SRSSampling,0.013,0.99,0.9891922616099919
Polly,SRSSampling,0.014,0.99,0.9923895108758763
Polly,SRSSampling,0.015,1.0,0.9946428260028501
Polly,SRSSampling,0.016,1.0,0.9962303237168211
Polly,SRSSampling,0.017,1.0,0.9973483440753175
Polly,SRSSampling,0.018,1.0,0.998135446821518
Polly,SRSSampling,0.019,1.0,0.9986893807167971
Polly,SRSSampling,0.02,1.0,0.9990790793961283
Polly,SRSSampling,0.021,1.0,0.9993531384100663
Polly,SRSSampling,0.022,1.0,0.9995458035279756
Polly,SRSSampling,0.023,1.0,0.9996811994612175
Polly,SRSSampling,0.024,1.0,0.9997763149738473
Polly,SRSSampling,0.025,1.0,0.9998431093610556
Polly,SRSSampling,0.026,1.0,0.9998899983802744
Polly,SRSSampling,0.027,1.0,0.9999229020673368
Polly,SRSSampling,0.028,1.0,0.9999459833477807
Polly,SRSSampling,0.029,1.0,0.9999621685011344
Polly,SRSSampling,0.03,1.0,0.9999735137754838
Polly,SRSSampling,0.031,1.0,0.9999814635373871
Polly,SRSSampling,0.032,1.0,0.9999870319812819
Polly,SRSSampling,0.033,1.0,0.9999909309868271
Polly,SRSSampling,0.034,1.0,0.9999936600513587
Polly,SRSSampling,0.035,1.0,0.9999955695237078
Polly,SRSSampling,0.036,1.0,0.9999969050493362
Polly,SRSSampling,0.037,1.0,0.999997838798078
Polly,SRSSampling,0.038,1.0,0.9999984913971457
Polly,SRSSampling,0.039,1.0,0.9999989473302735
Polly,SRSSampling,0.04,1.0,0.9999992657454749
Polly,SRSSampling,0.041,1.0,0.9999994880375827
Polly,SRSSampling,0.042,1.0,0.9999996431660716
Polly,SRSSampling,0.043,1.0,0.9999997513832009
Polly,SRSSampling,0.044,1.0,0.9999998268467181
Polly,SRSSampling,0.045,1.0,0.9999998794501795
Polly,SRSSampling,0.046,1.0,0.9999999161046969
Polly,SRSSampling,0.047,1.0,0.9999999416361919
Polly,SRSSampling,0.048,1.0,0.9999999594132627
Polly,SRSSampling,0.049,1.0,0.9999999717863769
Polly,SRSSampling,0.05,1.0,0.9999999803949736
Polly,SRSSampling,0.051,1.0,0.9999999863821201
Polly,SRSSampling,0.052,1.0,0.9999999905444952
Polly,SRSSampling,0.053,1.0,0.9999999934371461
Polly,SRSSampling,0.054,1.0,0.9999999954466273
Polly,SRSSampling,0.055,1.0,0.9999999968420464
Polly,SRSSampling,0.056,1.0,0.9999999978106761
Polly,SRSSampling,0.057,1.0,0.9999999984827901
Polly,SRSSampling,0.058,1.0,0.9999999989489766
Polly,SRSSampling,0.059,1.0,0.999999999272204
Polly,SRSSampling,0.06,1.0,0.9999999994962242
Polly,SRSSampling,0.061,1.0,0.999999999651426
Polly,SRSSampling,0.062,1.0,0.9999999997589084
Polly,SRSSampling,0.063,1.0,0.9999999998333142
Polly,SRSSampling,0.064,1.0,0.9999999998848024
Polly,SRSSampling,0.065,1.0,0.9999999999204175
Polly,SRSSampling,0.066,1.0,0.9999999999450435
Polly,SRSSampling,0.067,1.0,0.9999999999620642
Polly,SRSSampling,0.068,1.0,0.9999999999738238
Polly,SRSSampling,0.069,1.0,0.9999999999819453
Polly,SRSSampling,0.07,1.0,0.999999999987552
Polly,SRSSampling,0.071,1.0,0.999999999991421
Polly,SRSSampling,0.072,1.0,0.9999999999940898
Polly,SRSSampling,0.073,1.0,0.99999999999593
Polly,SRSSampling,0.074,1.0,0.9999999999971985
Polly,SRSSampling,0.075,1.0,0.9999999999980723
Polly,SRSSampling,0.076,1.0,0.9999999999986742
Polly,SRSSampling,0.077,1.0,0.9999999999990884
Polly,SRSSampling,0.078,1.0,0.9999999999993735
Polly,SRSSampling,0.079,1.0,0.9999999999995697
Polly,SRSSampling,0.08,1.0,0.9999999999997045
Polly,SRSSampling,0.081,1.0,0.9999999999997972
Polly,SRSSampling,0.082,1.0,0.9999999999998608
Polly,SRSSampling,0.083,1.0,0.9999999999999045
Polly,SRSSampling,0.084,1.0,0.9999999999999346
Polly,SRSSampling,0.085,1.0,0.9999999999999551
Polly,SRSSampling,0.086,1.0,0.9999999999999692
Polly,SRSSampling,0.087,1.0,0.999999999999979
Polly,SRSSampling,0.088,1.0,0.9999999999999856
Polly,SRSSampling,0.089,1.0,0.9999999999999901
Polly,SRSSampling,0.09,1.0,0.9999999999999932
Polly,SRSSampling,0.091,1.0,0.9999999999999954
Polly,SRSSampling,0.092,1.0,0.9999999999999969
Polly,SRSSampling,0.093,1.0,0.9999999999999979
Polly,SRSSampling,0.094,1.0,0.9999999999999986
Polly,SRSSampling,0.095,1.0,0.999999999999999
Polly,SRSSampling,0.096,1.0,0.9999999999999993
Polly,SRSSampling,0.097,1.0,0.9999999999999996
Polly,SRSSampling,0.098,1.0,0.9999999999999997
Polly,SRSSampling,0.099,1.0,0.9999999999999998
Polly,SRSSampling,0.1,1.0,0.9999999999999999
Polly,SRSSampling,0.101,1.0,0.9999999999999999
Polly,SRSSampling,0.102,1.0,0.9999999999999999
Polly,SRSSampling,0.103,1.0,1.0
Polly,SRSSampling,0.104,1.0,1.0
Polly,SRSSampling,0.105,1.0,1.0
Polly,SRSSampling,0.106,1.0,1.0
Polly,SRSSampling,0.107,1.0,1.0
Polly,SRSSampling,0.108,1.0,1.0
Polly,SRSSampling,0.109,1.0,1.0
Polly,SRSSampling,0.11,1.0,1.0
Polly,SRSSampling,0.111,1.0,1.0
Polly,SRSSampling,0.112,1.0,1.0
Polly,SRSSampling,0.113,1.0,1.0
Polly,SRSSampling,0.114,1.0,1.0
Polly,SRSSampling,0.115,1.0,1.0
Polly,SRSSampling,0.116,1.0,1.0
Polly,SRSSampling,0.117,1.0,1.0
Polly,SRSSampling,0.118,1.0,1.0
Polly,SRSSampling,0.119,1.0,1.0
Polly,SRSSampling,0.12,1.0,1.0
Polly,SRSSampling,0.121,1.0,1.0
Polly,SRSSampling,0.122,1.0,1.0
Polly,SRSSampling,0.123,1.0,1.0
Polly,SRSSampling,0.124,1.0,1.0
Polly,SRSSampling,0.125,1.0,1.0
Polly,SRSSampling,0.126,1.0,1.0
Polly,SRSSampling,0.127,1.0,1.0
Polly,SRSSampling,0.128,1.0,1.0
Polly,SRSSampling,0.129,1.0,1.0
Polly,SRSSampling,0.13,1.0,1.0
Polly,SRSSampling,0.131,1.0,1.0
Polly,SRSSampling,0.132,1.0,1.0
Polly,SRSSampling,0.133,1.0,1.0
Polly,SRSSampling,0.134,1.0,1.0
Polly,SRSSampling,0.135,1.0,1.0
Polly,SRSSampling,0.136,1.0,1.0
Polly,SRSSampling,0.137,1.0,1.0
Polly,SRSSampling,0.138,1.0,1.0
Polly,SRSSampling,0.139,1.0,1.0
Polly,SRSSampling,0.14,1.0,1.0
Polly,SRSSampling,0.141,1.0,1.0
Polly,SRSSampling,0.142,1.0,1.0
Polly,SRSSampling,0.143,1.0,1.0
Polly,SRSSampling,0.144,1.0,1.0
Polly,SRSSampling,0.145,1.0,1.0
Polly,SRSSampling,0.146,1.0,1.0
Polly,SRSSampling,0.147,1.0,1.0
Polly,SRSSampling,0.148,1.0,1.0
Polly,SRSSampling,0.149,1.0,1.0
